-- MySQL dump 10.13  Distrib 8.0.41, for Win64 (x86_64)
--
-- Host: localhost    Database: gh_sme_service
-- ------------------------------------------------------
-- Server version	8.0.41

/*!40101 SET @OLD_CHARACTER_SET_CLIENT=@@CHARACTER_SET_CLIENT */;
/*!40101 SET @OLD_CHARACTER_SET_RESULTS=@@CHARACTER_SET_RESULTS */;
/*!40101 SET @OLD_COLLATION_CONNECTION=@@COLLATION_CONNECTION */;
/*!50503 SET NAMES utf8mb4 */;
/*!40103 SET @OLD_TIME_ZONE=@@TIME_ZONE */;
/*!40103 SET TIME_ZONE='+00:00' */;
/*!40014 SET @OLD_UNIQUE_CHECKS=@@UNIQUE_CHECKS, UNIQUE_CHECKS=0 */;
/*!40014 SET @OLD_FOREIGN_KEY_CHECKS=@@FOREIGN_KEY_CHECKS, FOREIGN_KEY_CHECKS=0 */;
/*!40101 SET @OLD_SQL_MODE=@@SQL_MODE, SQL_MODE='NO_AUTO_VALUE_ON_ZERO' */;
/*!40111 SET @OLD_SQL_NOTES=@@SQL_NOTES, SQL_NOTES=0 */;

--
-- Table structure for table `role_permission`
--

DROP TABLE IF EXISTS `role_permission`;
/*!40101 SET @saved_cs_client     = @@character_set_client */;
/*!50503 SET character_set_client = utf8mb4 */;
CREATE TABLE `role_permission` (
  `id` bigint unsigned NOT NULL AUTO_INCREMENT COMMENT '主键ID',
  `role_id` bigint unsigned NOT NULL COMMENT '角色ID（匹配sys_role.id）',
  `permission_id` bigint unsigned NOT NULL COMMENT '权限ID（匹配sys_permission.id）',
  `create_time` datetime DEFAULT CURRENT_TIMESTAMP COMMENT '创建时间',
  PRIMARY KEY (`id`),
  UNIQUE KEY `unique_role_permission` (`role_id`,`permission_id`),
  KEY `fk_role_perm_perm_id` (`permission_id`),
  CONSTRAINT `fk_role_perm_perm_id` FOREIGN KEY (`permission_id`) REFERENCES `sys_permission` (`id`) ON DELETE CASCADE,
  CONSTRAINT `fk_role_perm_role_id` FOREIGN KEY (`role_id`) REFERENCES `sys_role` (`id`) ON DELETE CASCADE
) ENGINE=InnoDB AUTO_INCREMENT=389 DEFAULT CHARSET=utf8mb4 COLLATE=utf8mb4_0900_ai_ci COMMENT='角色权限关联';
/*!40101 SET character_set_client = @saved_cs_client */;

--
-- Dumping data for table `role_permission`
--

LOCK TABLES `role_permission` WRITE;
/*!40000 ALTER TABLE `role_permission` DISABLE KEYS */;
INSERT INTO `role_permission` VALUES (346,1,18,'2026-02-25 15:35:05'),(347,1,19,'2026-02-25 15:35:05'),(348,1,20,'2026-02-25 15:35:05'),(349,1,21,'2026-02-25 15:35:05'),(350,1,22,'2026-02-25 15:35:05'),(351,1,1,'2026-02-25 15:35:05'),(352,1,10,'2026-02-25 15:35:05'),(353,1,17,'2026-02-25 15:35:05'),(354,1,11,'2026-02-25 15:35:05'),(355,1,13,'2026-02-25 15:35:05'),(356,1,23,'2026-02-25 15:35:05'),(357,1,2,'2026-02-25 15:35:05'),(358,1,4,'2026-02-25 15:35:05'),(359,1,3,'2026-02-25 15:35:05'),(360,1,5,'2026-02-25 15:35:05'),(361,1,12,'2026-02-25 15:35:05'),(362,1,6,'2026-02-25 15:35:05'),(363,1,7,'2026-02-25 15:35:05'),(364,1,9,'2026-02-25 15:35:05'),(365,1,8,'2026-02-25 15:35:05'),(366,1,14,'2026-02-25 15:35:05'),(367,3,20,'2026-02-25 15:35:09'),(368,3,21,'2026-02-25 15:35:09'),(369,3,22,'2026-02-25 15:35:09'),(370,3,5,'2026-02-25 15:35:09'),(371,3,12,'2026-02-25 15:35:09'),(372,3,6,'2026-02-25 15:35:09'),(373,3,9,'2026-02-25 15:35:09'),(374,3,8,'2026-02-25 15:35:09'),(375,3,14,'2026-02-25 15:35:09'),(376,6,19,'2026-02-25 15:35:11'),(377,6,20,'2026-02-25 15:35:11'),(378,6,21,'2026-02-25 15:35:11'),(379,6,22,'2026-02-25 15:35:11'),(380,6,2,'2026-02-25 15:35:11'),(381,6,4,'2026-02-25 15:35:11'),(382,6,3,'2026-02-25 15:35:11'),(383,6,5,'2026-02-25 15:35:11'),(384,6,12,'2026-02-25 15:35:11'),(385,6,6,'2026-02-25 15:35:11'),(386,6,9,'2026-02-25 15:35:11'),(387,6,8,'2026-02-25 15:35:11'),(388,6,14,'2026-02-25 15:35:11');
/*!40000 ALTER TABLE `role_permission` ENABLE KEYS */;
UNLOCK TABLES;

--
-- Table structure for table `sme_enterprise`
--

DROP TABLE IF EXISTS `sme_enterprise`;
/*!40101 SET @saved_cs_client     = @@character_set_client */;
/*!50503 SET character_set_client = utf8mb4 */;
CREATE TABLE `sme_enterprise` (
  `id` bigint unsigned NOT NULL AUTO_INCREMENT COMMENT '主键ID',
  `enterprise_name` varchar(100) NOT NULL COMMENT '企业名称',
  `credit_code` varchar(20) NOT NULL COMMENT '统一社会信用代码',
  `enterprise_type` varchar(50) NOT NULL COMMENT '企业类型（关联sys_dict_item，字典编码enterprise_type）',
  `business_addr` varchar(255) DEFAULT '' COMMENT '经营地址',
  `legal_person` varchar(50) DEFAULT '' COMMENT '法定代表人',
  `phone` varchar(20) DEFAULT '' COMMENT '企业联系电话',
  `reg_capital` decimal(18,2) DEFAULT '0.00' COMMENT '注册资本（万元）',
  `establish_time` date DEFAULT NULL COMMENT '成立时间',
  `town_id` varchar(50) NOT NULL COMMENT '所属乡镇（关联sys_dict_item，字典编码town）',
  `industry_id` varchar(50) NOT NULL COMMENT '所属行业（关联sys_dict_item，字典编码industry）',
  `business_status` varchar(50) NOT NULL COMMENT '经营状态（关联sys_dict_item，字典编码business_status）',
  `main_product` varchar(500) DEFAULT '' COMMENT '主要产品',
  `enterprise_intro` varchar(1000) DEFAULT '' COMMENT '企业简介',
  `create_time` datetime NOT NULL DEFAULT CURRENT_TIMESTAMP COMMENT '创建时间',
  `update_time` datetime DEFAULT NULL ON UPDATE CURRENT_TIMESTAMP COMMENT '更新时间',
  `del_flag` tinyint NOT NULL DEFAULT '0' COMMENT '逻辑删除：0-未删 / 1-已删',
  `is_show` tinyint NOT NULL DEFAULT '1' COMMENT '是否展示：1-展示 / 0-不展示',
  PRIMARY KEY (`id`),
  UNIQUE KEY `uk_enterprise_name` (`enterprise_name`),
  UNIQUE KEY `uk_credit_code` (`credit_code`),
  KEY `idx_enterprise_type` (`enterprise_type`),
  KEY `idx_town_id` (`town_id`),
  KEY `idx_industry_id` (`industry_id`),
  KEY `idx_business_status` (`business_status`),
  KEY `idx_del_flag` (`del_flag`)
) ENGINE=InnoDB AUTO_INCREMENT=26 DEFAULT CHARSET=utf8mb4 COLLATE=utf8mb4_0900_ai_ci COMMENT='中小微企业表';
/*!40101 SET character_set_client = @saved_cs_client */;

--
-- Dumping data for table `sme_enterprise`
--

LOCK TABLES `sme_enterprise` WRITE;
/*!40000 ALTER TABLE `sme_enterprise` DISABLE KEYS */;
INSERT INTO `sme_enterprise` VALUES (1,'广河县鑫源食品加工厂','91622924MA748X1234','MICRO','广河县城关镇工业园区','马明','13700137001',500.00,'2018-05-10','CHENGGUAN','QGSP','NORMAL','清真牛羊肉加工制品、速冻面点、特色油炸食品','<p>广河县鑫源食品加工厂成立于2018年，专注于清真牛羊肉加工制品、速冻面点及特色油炸食品的生产与销售，产品覆盖本地及周边地区，秉持清真食品生产标准，品质可靠。</p>\n<p><img style=\"max-width: 100%;\" src=\"http://192.168.43.20:19966/my-project/d993c1dab9444edbadd5a7400157e381.jpg\" alt=\"8e680668ffbfc2bc94da15143110e4ba.jpg\"></p>','2026-02-06 10:45:20','2026-02-28 10:37:30',0,1),(2,'广河县盛达机械制造有限公司','91622924MA748X5678','SMALL','广河县三甲集镇工业路','李强','13700137002',2000.00,'2015-08-20','SJJZ','JXJD','PREPARE','小型农业机械、建筑配件、五金冲压件、输送设备','<p><img style=\"max-width: 100%;\" src=\"http://192.168.43.20:19966/my-project/1e0ec240c0904ba1a43ac2164db85ab5.png\" alt=\"9fde7fa8-7d5c-4af7-a975-243e03ae8f83.png\">广河县盛达机械制造有限公司成立于2015年，主营小型农业机械、建筑配件、五金冲压件及输送设备的研发与制造，为本地农业和建筑业提供优质机械产品。</p>','2026-02-06 10:45:20','2026-02-28 11:05:17',0,1),(3,'广河县惠民超市连锁有限公司','91622924MA748X9012','GTGSH','广河县三甲集镇人民路','王丽','13700137003',100.00,'2020-03-15','SJJZ','YW','NORMAL','日用百货、粮油米面、生鲜果蔬、食品饮料','<p><img style=\"max-width: 100%;\" src=\"http://192.168.43.20:19966/my-project/d31af78730764a92a1a9c2a6ae2758f4.jpeg\" alt=\"5e9d5a182985e279eb2bbc02b22eea28.jpeg\"><img style=\"max-width: 100%;\" src=\"http://192.168.43.20:19966/my-project/6b75681b952a4b9db64feac399efdae6.jpg\" alt=\"5a34b42dac080c7a5b01cff2a244ae04.jpg\">广河县惠民超市连锁有限公司2020年成立，是三甲集镇知名的综合性超市，主营日用百货、粮油米面、生鲜果蔬等，满足周边居民日常购物需求。</p>','2026-02-06 10:45:20','2026-02-28 10:38:53',0,1),(4,'广河县伊兰清真食品有限公司','91622924MA748X1245','MICRO','广河县城关镇滨河路','马占林','13700137004',300.00,'2019-06-12','CHENGGUAN','QGSP','NORMAL','清真速冻食品、牛羊肉制品、特色面点','<p><img style=\"max-width: 100%;\" src=\"http://192.168.43.20:19966/my-project/33d51cf94b3a49259392df3a3d654cff.jpeg\" alt=\"581b1b95199d37d3c6e8bc7b710d3834.jpeg\"><img style=\"max-width: 100%;\" src=\"http://192.168.43.20:19966/my-project/659781f1a9cf4f3396c2f858b07f411e.jpg\" alt=\"16_9_a5c9b6f0-8157-41a9-a20b-7e89517f5f8b.jpg\">广河县伊兰清真食品有限公司2019年成立，专注清真速冻食品、牛羊肉制品及特色面点生产，产品工艺传承清真饮食文化，深受消费者喜爱。</p>','2026-02-06 10:45:20','2026-02-28 10:39:29',0,1),(5,'广河县兴旺农机制造有限公司','91622924MA748X1256','SMALL','广河县三甲集镇工业园区','马忠林','13700137005',1200.00,'2016-03-25','SJJZ','JXJD','NORMAL','农用机械、农机配件、加工设备','<p><img style=\"max-width: 100%;\" src=\"http://192.168.43.20:19966/my-project/2e383f3d7e374a8fa57e48a09e5eec7f.jpg\" alt=\"16_9_3902dbaf-2adf-4336-b60e-79bb91b39360.jpg\">广河县兴旺农机制造有限公司2016年成立，专业生产农用机械、农机配件及加工设备，产品适配本地农业生产需求，售后服务完善。</p>','2026-02-06 10:45:20','2026-02-28 10:39:44',0,1),(6,'广河县佳惠生活超市','91622924MA748X1267','GTGSH','广河县祁家集镇街道','马秀花','13700137006',80.00,'2021-07-08','QJJZ','YW','NORMAL','日用百货、烟酒副食、生鲜蔬菜','<p><img style=\"max-width: 100%;\" src=\"http://192.168.43.20:19966/my-project/309e951d571e4b35a4e0f77922134d3d.png\" alt=\"16-9_1.png\"><img style=\"max-width: 100%;\" src=\"http://192.168.43.20:19966/my-project/1a3b3c9f85af410d8b04fc3bc84d426c.png\" alt=\"169_1_5b886d18-cb55-4030-8238-9c911a3b887d.png\">广河县佳惠生活超市2021年开业，位于祁家集镇核心街道，主营日用百货、烟酒副食、生鲜蔬菜，为乡镇居民提供便捷的购物体验。</p>','2026-02-06 10:45:20','2026-02-28 10:40:09',0,1),(7,'广河县福源牛羊养殖合作社','91622924MA748X1278','MICRO','广河县买家巷镇养殖区','马成祥','13700137007',400.00,'2017-04-15','MJXZ','NY','NORMAL','牛羊养殖、育肥、销售','<p><img style=\"max-width: 100%;\" src=\"http://192.168.43.20:19966/my-project/c1cca57c01494ac8a19ebb1f9dfb5659.jpg\" alt=\"16_9_a4120690-4d8a-4fb0-bb3b-236a8f72b104.jpg\">广河县福源牛羊养殖合作社2017年成立，专注牛羊养殖、育肥与销售，采用科学养殖模式，保障牛羊品质，是本地重要的养殖合作社。</p>','2026-02-06 10:45:20','2026-02-28 10:40:23',0,1),(8,'广河县顺达物流有限公司','91622924MA748X1289','MEDIUM','广河县城关镇物流园','赵文军','13700137008',800.00,'2018-11-20','CHENGGUAN','GY','NORMAL','货物运输、仓储配送、冷链物流','<p><img style=\"max-width: 100%;\" src=\"http://192.168.43.20:19966/my-project/6a66270b6bfd4f699fd2a04d682e2460.jpg\" alt=\"169_3_fcf607d8-0c9e-4f90-8e47-d5f393ccf3a4.jpg\">广河县顺达物流有限公司2018年成立，主营货物运输、仓储配送及冷链物流，覆盖临夏州及周边地区，物流服务高效便捷。</p>','2026-02-06 10:45:20','2026-02-28 10:40:39',0,1),(9,'广河县金盛建材经营部','91622924MA748X1290','GTGSH','广河县三甲集镇建材市场','李海涛','13700137009',120.00,'2020-01-05','SJJZ','GY','NORMAL','水泥、砂石、瓷砖、装饰材料','<p><img style=\"max-width: 100%;\" src=\"http://192.168.43.20:19966/my-project/4acc9a97c8a343b8bb0bb9d153310f43.jpg\" alt=\"illumorningcoffee_final.jpg\">广河县金盛建材经营部2020年成立，位于三甲集镇建材市场，主营水泥、砂石、瓷砖、装饰材料，为本地建筑行业提供一站式建材供应。</p>','2026-02-06 10:45:20','2026-02-28 10:40:53',0,1),(10,'广河县伊香源餐饮服务店','91622924MA748X1301','MICRO','广河县城关镇步行街','马法土麦','13700137010',150.00,'2022-03-30','CHENGGUAN','YW','NORMAL','清真餐饮、面食、小吃','<p><img style=\"max-width: 100%;\" src=\"http://192.168.43.20:19966/my-project/dfda9254415d4115ab7adec2ff7d6e22.jpg\" alt=\"16.9_Still.jpg\">广河县伊香源餐饮服务店2022年开业，位于城关镇步行街，主营清真餐饮、特色面食及地方小吃，口味地道，环境舒适。</p>','2026-02-06 10:45:20','2026-02-28 15:53:09',0,0),(11,'广河县绿源农资经营部','91622924MA748X1312','MICRO','广河县买家巷镇街道','马忠','13700137011',90.00,'2019-09-10','MJXZ','NY','NORMAL','化肥、农药、种子、农膜','广河县绿源农资经营部2019年成立，专注化肥、农药、种子、农膜等农资销售，为买家巷镇及周边农户提供优质农资产品和技术指导。','2026-02-06 10:45:20','2026-02-28 10:47:57',0,0),(12,'广河县宏发机械维修部','91622924MA748X1323','GTGSH','广河县三甲集镇工业路','张建军','13700137012',100.00,'2021-05-18','SJJZ','JXJD','PREPARE','农机维修、机械配件、设备保养','广河县宏发机械维修部2021年成立，主营农机维修、机械配件销售及设备保养，专业的维修团队保障农机高效运行。','2026-02-06 10:45:20','2026-02-28 10:47:56',0,0),(13,'广河县盛兴包装制品厂','91622924MA748X1334','MICRO','广河县城关镇工业园区','马小龙','13700137013',200.00,'2020-08-12','CHENGGUAN','GY','NORMAL','食品包装、纸箱、礼盒','广河县盛兴包装制品厂2020年成立，位于城关镇工业园区，主营食品包装、纸箱、礼盒生产，可根据客户需求定制各类包装产品。','2026-02-06 10:45:20','2026-02-28 10:47:59',0,0),(14,'广河县富民农机销售有限公司','91622924MA748X1345','SMALL','广河县三甲集镇农机市场','马成海','13700137014',600.00,'2015-12-02','SJJZ','JXJD','NORMAL','农机销售、配件、售后','广河县富民农机销售有限公司2015年成立，是三甲集镇知名的农机销售企业，主营各类农机、配件销售及售后，产品种类齐全。','2026-02-06 10:45:20','2026-02-28 10:48:01',0,0),(15,'广河县佳美生活超市','91622924MA748X1356','GTGSH','广河县齐家镇街道','王丽萍','13700137015',85.00,'2022-01-10','QJZ','YW','NORMAL','日用百货、粮油、调味品','广河县佳美生活超市2022年开业，位于齐家镇街道，主营日用百货、粮油、调味品等，价格亲民，服务周到，满足乡镇居民生活需求。','2026-02-06 10:45:20','2026-02-28 10:48:01',0,0),(16,'广河县伊品源食品加工坊','91622924MA748X1367','MICRO','广河县官坊乡街道','马二力','13700137016',180.00,'2019-04-25','GFX','QGSP','NORMAL','油炸食品、糕点、馓子','广河县伊品源食品加工坊2019年成立，位于官坊乡街道，主营油炸食品、糕点、馓子等清真特色食品，纯手工制作，风味独特。','2026-02-06 10:45:20','2026-02-28 10:48:03',0,0),(17,'广河县鑫源工程机械租赁部','91622924MA748X1378','GTGSH','广河县三甲集镇新区','马占林','13700137017',300.00,'2021-06-15','SJJZ','GY','PREPARE','挖掘机、装载机、工程机械租赁','广河县鑫源工程机械租赁部2021年成立，主营挖掘机、装载机等工程机械租赁，设备齐全，租赁价格合理，服务覆盖广河县及周边工程建设。','2026-02-06 10:45:20','2026-02-28 10:48:03',0,0),(18,'广河县众益养殖农民专业合作社','91622924MA748X1389','MICRO','广河县水泉乡','马明义','13700137018',260.00,'2018-07-01','SQX','NY','NORMAL','牛羊养殖、牧草种植','广河县众益养殖农民专业合作社2018年成立，位于水泉乡，主营牛羊养殖、牧草种植，采用种养结合模式，绿色生态，产品品质优良。','2026-02-06 10:45:20','2026-02-28 10:48:05',0,0),(19,'广河县伊香阁餐饮有限公司','91622924MA748X1390','SMALL','广河县城关镇滨河路','马占林','13700137019',500.00,'2017-02-11','CHENGGUAN','YW','NORMAL','清真宴席、特色餐饮、农家菜','广河县伊香阁餐饮有限公司2017年成立，位于城关镇滨河路，主营清真宴席、特色餐饮、农家菜，可承接各类宴席，是本地知名的清真餐饮企业。','2026-02-06 10:45:20','2026-02-28 10:48:06',0,0),(20,'广河县恒通商贸有限公司','91622924MA748X1401','MEDIUM','广河县三甲集镇商贸区','马忠林','13700137020',1000.00,'2016-10-09','SJJZ','YW','NORMAL','农副产品收购、销售、批发','广河县恒通商贸有限公司2016年成立，主营农副产品收购、销售、批发，整合本地农副产品资源，销往省内外，助力农户增收。','2026-02-06 10:45:20','2026-02-28 10:48:07',0,0),(21,'广河县盛达农机配件加工厂','91622924MA748X1412','SMALL','广河县庄窠集镇','马成海','13700137021',700.00,'2019-05-20','ZKJZ','JXJD','NORMAL','农机配件、铸造件、机械加工','广河县盛达农机配件加工厂2019年成立，位于庄窠集镇，主营农机配件、铸造件、机械加工，产品精度高，适配各类农用机械。','2026-02-06 10:45:20','2026-02-28 10:48:10',0,0),(22,'广河县伊佳鲜生超市','91622924MA748X1423','GTGSH','广河县阿力麻土乡','马秀兰','13700137022',70.00,'2022-07-01','ALMTX','YW','NORMAL','生鲜、百货、烟酒副食','广河县伊佳鲜生超市2022年开业，位于阿力麻土乡，主营生鲜、百货、烟酒副食，为乡村居民提供新鲜、便捷的购物选择。','2026-02-06 10:45:20','2026-02-28 10:48:10',0,0),(23,'广河县绿康农产品加工有限公司','91622924MA748X1434','SMALL','广河县买家巷镇','马忠','13700137023',850.00,'2018-03-18','MJXZ','NY','NORMAL','农产品初加工、仓储、销售','广河县绿康农产品加工有限公司2018年成立，位于买家巷镇，主营农产品初加工、仓储、销售，助力本地农产品增值，拓宽销售渠道。','2026-02-06 10:45:20','2026-02-28 10:48:12',0,0);
/*!40000 ALTER TABLE `sme_enterprise` ENABLE KEYS */;
UNLOCK TABLES;

--
-- Table structure for table `sme_lpe`
--

DROP TABLE IF EXISTS `sme_lpe`;
/*!40101 SET @saved_cs_client     = @@character_set_client */;
/*!50503 SET character_set_client = utf8mb4 */;
CREATE TABLE `sme_lpe` (
  `id` bigint unsigned NOT NULL AUTO_INCREMENT COMMENT '主键ID',
  `leader_name` varchar(50) NOT NULL COMMENT '包抓领导姓名',
  `enterprise_id` bigint unsigned NOT NULL COMMENT '包联企业ID（关联sme_enterprise.id）',
  `dept_id` bigint unsigned NOT NULL COMMENT '专班负责单位ID（关联sys_dept.id）',
  `remark` varchar(500) DEFAULT '' COMMENT '备注',
  `create_time` datetime NOT NULL DEFAULT CURRENT_TIMESTAMP COMMENT '创建时间',
  `update_time` datetime DEFAULT NULL ON UPDATE CURRENT_TIMESTAMP COMMENT '更新时间',
  `del_flag` tinyint NOT NULL DEFAULT '0' COMMENT '逻辑删除：0-未删 / 1-已删',
  PRIMARY KEY (`id`),
  KEY `idx_lpe_enterprise_id` (`enterprise_id`),
  KEY `idx_lpe_dept_id` (`dept_id`),
  KEY `idx_lpe_leader_name` (`leader_name`),
  KEY `idx_lpe_del_flag` (`del_flag`),
  CONSTRAINT `fk_lpe_dept` FOREIGN KEY (`dept_id`) REFERENCES `sys_dept` (`id`) ON DELETE RESTRICT,
  CONSTRAINT `fk_lpe_enterprise` FOREIGN KEY (`enterprise_id`) REFERENCES `sme_enterprise` (`id`) ON DELETE CASCADE
) ENGINE=InnoDB AUTO_INCREMENT=37 DEFAULT CHARSET=utf8mb4 COLLATE=utf8mb4_0900_ai_ci COMMENT='县级领导包抓联企业汇总表';
/*!40101 SET character_set_client = @saved_cs_client */;

--
-- Dumping data for table `sme_lpe`
--

LOCK TABLES `sme_lpe` WRITE;
/*!40000 ALTER TABLE `sme_lpe` DISABLE KEYS */;
INSERT INTO `sme_lpe` VALUES (14,'马占虎',1,10,'','2026-02-14 13:55:00','2026-02-23 17:07:41',0),(15,'王主任',2,22,'','2026-02-14 13:55:00','2026-02-23 17:07:41',0),(16,'马淑雅',3,23,'','2026-02-14 13:55:00','2026-02-23 17:07:41',0),(17,'马某某',4,20,'','2026-02-14 13:55:00','2026-02-23 17:07:41',0),(18,'刘主任',5,24,'','2026-02-14 13:55:00','2026-02-23 17:07:41',0),(19,'马局长',6,8,'','2026-02-14 13:55:00','2026-02-23 17:07:41',0),(20,'王书记',7,26,'','2026-02-14 13:55:00','2026-02-23 17:07:41',0),(21,'王主任',8,22,'','2026-02-14 13:55:00','2026-02-23 17:07:41',0),(22,'赵局长',9,9,'','2026-02-14 13:55:00','2026-02-23 17:07:41',0),(23,'赵局长',10,27,'','2026-02-14 13:55:00','2026-02-23 17:07:41',0),(24,'刘主任',11,21,'','2026-02-14 13:55:00','2026-02-23 17:07:41',0),(25,'刘主任',12,24,'','2026-02-14 13:55:00','2026-02-23 17:07:41',0),(26,'马占林',13,28,'','2026-02-14 13:55:00','2026-02-23 17:07:41',0),(27,'马占虎',14,10,'','2026-02-14 13:55:00','2026-02-23 17:07:41',0),(28,'马淑雅',15,23,'','2026-02-14 13:55:00','2026-02-23 17:07:41',0),(29,'马某某',16,20,'','2026-02-14 13:55:00','2026-02-23 17:07:41',0),(30,'赵局长',17,9,'','2026-02-14 13:55:00','2026-02-23 17:07:41',0),(31,'王书记',18,26,'','2026-02-14 13:55:00','2026-02-23 17:07:41',0),(32,'赵局长',19,27,'','2026-02-14 13:55:00','2026-02-23 17:07:41',0),(33,'马淑雅',20,23,'','2026-02-14 13:55:00','2026-02-23 17:07:41',0),(34,'刘主任',21,24,'','2026-02-14 13:55:00','2026-02-23 17:07:41',0),(35,'马局长',22,8,'','2026-02-14 13:55:00','2026-02-23 17:07:41',0),(36,'马占林',23,28,'','2026-02-14 13:55:00','2026-02-23 17:07:41',0);
/*!40000 ALTER TABLE `sme_lpe` ENABLE KEYS */;
UNLOCK TABLES;

--
-- Table structure for table `sme_notice`
--

DROP TABLE IF EXISTS `sme_notice`;
/*!40101 SET @saved_cs_client     = @@character_set_client */;
/*!50503 SET character_set_client = utf8mb4 */;
CREATE TABLE `sme_notice` (
  `id` bigint unsigned NOT NULL AUTO_INCREMENT COMMENT '主键ID',
  `title` varchar(255) NOT NULL COMMENT '通知标题',
  `notice_type` varchar(50) NOT NULL COMMENT '通知类型（关联sys_dict_item.item_code，字典编码notice_type）',
  `publisher_id` bigint unsigned NOT NULL COMMENT '发布人ID，关联sys_user.id',
  `content` longtext COMMENT '通知内容（可富文本，移除默认值避免同类型错误）',
  `publish_time` datetime NOT NULL DEFAULT CURRENT_TIMESTAMP COMMENT '发布时间',
  `target_type` varchar(20) NOT NULL DEFAULT 'ALL' COMMENT '目标用户类型：ALL(全员)、SPECIFIC_USER(指定用户)',
  `target_value` text COMMENT '目标用户值：ALL时为空；SPECIFIC_USER时存用户ID逗号分隔（如1,2,3）',
  `create_time` datetime NOT NULL DEFAULT CURRENT_TIMESTAMP COMMENT '创建时间',
  `update_time` datetime DEFAULT NULL ON UPDATE CURRENT_TIMESTAMP COMMENT '更新时间',
  `del_flag` tinyint NOT NULL DEFAULT '0' COMMENT '逻辑删除：0-未删 / 1-已删',
  PRIMARY KEY (`id`),
  KEY `idx_publisher_id` (`publisher_id`),
  KEY `idx_del_flag` (`del_flag`),
  KEY `idx_notice_type` (`notice_type`)
) ENGINE=InnoDB AUTO_INCREMENT=41 DEFAULT CHARSET=utf8mb4 COLLATE=utf8mb4_0900_ai_ci COMMENT='信息通知发布表';
/*!40101 SET character_set_client = @saved_cs_client */;

--
-- Dumping data for table `sme_notice`
--

LOCK TABLES `sme_notice` WRITE;
/*!40000 ALTER TABLE `sme_notice` DISABLE KEYS */;
INSERT INTO `sme_notice` VALUES (1,'关于开展2025年中小微企业经营状况调研的通知','NOTICE',2,'请各企业于2025年2月20日前完成经营状况调研表填写，报送至县工信局企业服务科，联系电话：13800138005。','2025-02-08 09:00:00','ALL','','2026-02-06 10:45:43','2026-02-18 17:43:53',0),(2,'【提醒】2025年第一季度政策补贴申报即将截止','WARNING',4,'2025年第一季度中小微企业政策补贴申报截止时间为2025年2月28日，请尚未申报的企业尽快办理。','2025-02-15 14:00:00','ALL','','2026-02-06 10:45:43','2026-02-18 17:43:53',0),(3,'关于开展2025年企业安全生产专项检查的通知','NOTICE',1,'根据县政府工作安排，现组织开展2025年企业安全生产专项检查，请各企业做好自查准备。','2025-03-01 09:00:00','ALL','','2026-02-16 20:08:40','2026-02-18 17:43:53',0),(4,'【重要】关于优化营商环境若干措施的通知','NOTICE',2,'为持续优化我县营商环境，现发布若干扶持措施，请各单位认真学习并落实。','2025-03-05 10:00:00','ALL','','2026-02-16 20:08:40','2026-02-21 15:29:40',0),(5,'关于开展企业用工情况摸底调查的通知','NOTICE',3,'请各企业于2025年3月20日前报送企业用工情况统计表。','2025-03-10 08:30:00','ALL','','2026-02-16 20:08:40','2026-02-18 17:43:53',0),(6,'【提醒】高新技术企业认定申报开始','WARNING',4,'2025年度高新技术企业认定申报工作正式开始，请符合条件的企业积极申报。','2025-03-12 14:00:00','ALL','','2026-02-16 20:08:40','2026-02-18 17:43:53',0),(7,'关于组织参加全市企业服务培训会的通知','NOTICE',1,'定于2025年3月25日召开企业服务专题培训会，请各企业安排人员参加。','2025-03-15 09:30:00','ALL','','2026-02-16 20:08:40','2026-02-21 15:29:13',0),(8,'关于开展2026年清真食品企业Halal认证补贴申报的通知','NOTICE',10,'<p>为支持清真食品企业拓展市场，现开展2026年Halal国际清真认证补贴申报工作，申报时间：2026-03-01至2026-03-15，补贴比例50%，单户最高补贴3万元。<br>申报材料：认证证书、缴费凭证、企业营业执照（QGSP类企业优先审核）。</p>','2026-02-24 09:00:00','ALL','','2026-02-24 09:00:00',NULL,0),(9,'关于组织农机企业参加西北农机博览会的通知','NOTICE',10,'<p>定于2026年3月20-22日举办西北农机博览会，现组织县域农机制造/销售企业（JXJD）报名参展，参展展位费补贴80%，报名截止2026-03-10，联系人：马某某 152321456587。</p>','2026-02-24 10:00:00','SPECIFIC_USER','10,8,5','2026-02-24 10:00:00',NULL,0),(10,'2026年商贸企业生鲜供应链扶持资金申报通知','NOTICE',4,'<p>针对商贸业（YW）企业生鲜仓储、产销对接等环节，开展扶持资金申报，单户最高补贴10万元，申报材料：采购合同、仓储改造凭证、销售数据报表，截止时间2026-03-20。</p>','2026-02-24 11:00:00','SPECIFIC_USER','4,12,15,20','2026-02-24 11:00:00',NULL,0),(11,'2026年物流企业新能源车辆补贴申报通知','NOTICE',5,'<p>物流企业（GY）2026年购置新能源冷链运输车的，每辆车补贴3万元，需提供购车发票、车辆登记证，申报截止2026-03-15，联系人：李四 15462321258。<br>重点帮扶企业：广河县顺达物流有限公司（ID8）优先审核。</p>','2026-02-24 15:00:00','SPECIFIC_USER','5,8','2026-02-24 15:00:00',NULL,0),(12,'关于企业安全生产自查自纠的通知','NOTICE',1,'<p>请各企业于2026-03-05前完成安全生产自查，重点排查清真食品加工、农机生产、仓储物流等环节安全隐患，自查报告报送至县工信局。<br>重点核查：广河县金盛建材经营部（ID9）、广河县盛达机械制造（ID2）等生产型企业。</p>','2026-02-25 09:00:00','ALL','','2026-02-25 09:00:00',NULL,0),(13,'2026年小微企业统计补贴申报通知','NOTICE',2,'<p>完善经营台账的小微企业（含QGSP/JXJD/YW类）可申请统计补贴，金额1-2万元，申报材料：台账报表、纳税证明，截止时间2026-03-10。<br>重点帮扶：广河县佳惠生活超市（ID6）、广河县伊佳鲜生超市（ID22）。</p>','2026-02-25 10:00:00','SPECIFIC_USER','2,1,3','2026-02-25 10:00:00',NULL,0),(14,'关于农机研发实验室建设补贴申报的通知','NOTICE',8,'<p>农机企业与高校共建研发实验室的，给予80万元建设补贴，需提供合作协议、实验室规划方案，申报截止2026-03-20，联系人：赵八 13800138008。<br>重点支持：广河县兴旺农机制造（ID5）、广河县盛达农机配件（ID21）。</p>','2026-02-25 11:00:00','SPECIFIC_USER','8,5,10','2026-02-25 11:00:00',NULL,0),(15,'2026年清真食品溯源体系建设补贴通知','NOTICE',10,'<p>清真食品企业（QGSP）搭建全链条溯源体系的，按建设成本30%补贴，单户最高20万元，申报材料：溯源系统采购合同、验收报告，截止2026-03-15。<br>重点帮扶：广河县鑫源食品（ID1）、广河县伊兰清真（ID4）、广河县伊品源食品（ID16）。</p>','2026-02-25 14:00:00','SPECIFIC_USER','10,1,4','2026-02-25 14:00:00',NULL,0),(16,'关于开展企业用工情况摸底的补充通知','NOTICE',3,'<p>2026年企业用工情况摸底调查截止时间延长至2026-03-25，请尚未报送的企业尽快提交统计表，电子版发送至fgj@gh.gov.cn。<br>重点督促：广河县众益养殖合作社（ID18）、广河县伊香阁餐饮（ID19）等劳动密集型企业。</p>','2026-02-25 15:00:00','ALL','','2026-02-25 15:00:00',NULL,0),(17,'2026年特色餐饮示范店申报通知','NOTICE',1,'<p>县域餐饮企业（YW）可申报特色餐饮示范店，获评后给予5万元补贴，申报材料：营业执照、经营场地证明、顾客评价数据，截止2026-03-18。<br>重点推荐：广河县伊香源餐饮（ID10）、广河县伊香阁餐饮（ID19）。</p>','2026-02-26 09:00:00','SPECIFIC_USER','1,10,4','2026-02-26 09:00:00',NULL,0),(18,'关于农产品初加工税收优惠政策解读通知','NOTICE',2,'<p>2026年农产品加工企业（NY）初加工环节免征企业所得税，增值税按1%征收，现开展政策解读会，时间：2026-03-08 10:00，地点：统计局会议室。<br>参会企业：广河县福源牛羊养殖（ID7）、广河县绿康农产品加工（ID23）等。</p>','2026-02-26 10:00:00','SPECIFIC_USER','2,9,5','2026-02-26 10:00:00',NULL,0),(19,'【提醒】Halal认证补贴申报仅剩5个工作日','WARNING',10,'<p>清真食品企业Halal认证补贴申报截止时间为2026-03-15，仅剩5个工作日，请尚未申报的企业尽快提交材料，逾期不予受理。<br>未申报企业：广河县伊品源食品加工坊（ID16）需优先完成申报。</p>','2026-03-10 09:00:00','SPECIFIC_USER','10,1,4','2026-03-10 09:00:00',NULL,0),(20,'【提醒】农机博览会报名即将截止','WARNING',10,'<p>西北农机博览会报名截止2026-03-10，请农机企业尽快完成报名，未报名的将取消参展资格。<br>重点企业：广河县盛达机械制造（ID2）、广河县富民农机销售（ID14）。</p>','2026-03-08 10:00:00','SPECIFIC_USER','10,5,8','2026-03-08 10:00:00',NULL,0),(21,'【提醒】安全生产自查报告未报送提醒','WARNING',1,'<p>截止2026-03-05，仍有部分企业未报送安全生产自查报告，请于2026-03-08前补报，否则将纳入重点监管名单。<br>未报送企业：广河县金盛建材经营部（ID9）、广河县盛兴包装制品厂（ID13）。</p>','2026-03-06 14:00:00','SPECIFIC_USER','1,9,3','2026-03-06 14:00:00',NULL,0),(22,'【提醒】统计补贴申报材料需补充完善','WARNING',2,'<p>部分企业提交的统计补贴申报材料缺失经营台账，请于2026-03-08前补充提交，否则无法通过审核。<br>需补充企业：广河县佳惠生活超市（ID6）、广河县伊佳鲜生超市（ID22）。</p>','2026-03-07 11:00:00','SPECIFIC_USER','2,1,3','2026-03-07 11:00:00',NULL,0),(23,'【提醒】新能源车辆补贴申报材料审核未通过','WARNING',5,'<p>物流企业提交的新能源车辆补贴申报材料缺失购车发票，请于2026-03-12前补正，逾期作废。<br>涉及企业：广河县顺达物流有限公司（ID8）。</p>','2026-03-10 15:00:00','SPECIFIC_USER','5,8','2026-03-10 15:00:00',NULL,0),(24,'【提醒】用工情况摸底表未提交提醒','WARNING',3,'<p>部分商贸/餐饮企业尚未提交用工情况摸底表，请于2026-03-20前提交，逾期将影响政策补贴申领。<br>未提交企业：广河县众益养殖合作社（ID18）、广河县伊香阁餐饮（ID19）。</p>','2026-03-18 09:00:00','SPECIFIC_USER','3,4,10','2026-03-18 09:00:00',NULL,0),(25,'【提醒】生鲜供应链扶持资金申报材料待审核','WARNING',4,'<p>商贸企业提交的生鲜供应链扶持资金申报材料已受理，预计2026-03-25前完成审核，请保持电话畅通。<br>审核企业：广河县惠民超市（ID3）、广河县恒通商贸（ID20）。</p>','2026-03-15 10:00:00','SPECIFIC_USER','4,3,1','2026-03-15 10:00:00',NULL,0),(26,'【公告】2026年第一批清真食品补贴名单公示','ANNOUNCE',10,'<p>2026年第一批清真食品企业补贴名单已公示，1号广河县鑫源食品加工厂获批溯源体系补贴，4号广河县伊兰清真食品获批生产流程优化补贴，公示期3天（2026-03-01至2026-03-03），如有异议请联系工信局：152321456587。</p>','2026-03-01 09:00:00','ALL','','2026-03-01 09:00:00',NULL,0),(27,'【公告】2026年农机研发补贴发放通知','ANNOUNCE',8,'<p>5号广河县兴旺农机制造获批研发实验室建设补贴80万元，21号广河县盛达农机配件获批数字化改造补贴50万元，补贴资金将于2026-03-15拨付至企业对公账户，请查收并反馈。</p>','2026-03-10 14:00:00','SPECIFIC_USER','8,5,10','2026-03-10 14:00:00',NULL,0),(28,'【公告】2026年物流企业新能源补贴发放公告','ANNOUNCE',5,'<p>8号广河县顺达物流有限公司获批新能源冷链运输车补贴30万元，资金将于2026-03-20发放，需提供企业对公账户信息，联系人：李四 15462321258。</p>','2026-03-15 15:00:00','SPECIFIC_USER','5,8','2026-03-15 15:00:00',NULL,0),(29,'【公告】广河县2026年企业扶持资金总额公示','ANNOUNCE',1,'<p>2026年广河县中小微企业扶持资金总额5000万元，其中清真食品产业1500万元（覆盖ID1/4/16）、农机产业1000万元（覆盖ID2/5/14/21）、商贸物流1250万元（覆盖ID3/8/15/20）、农业加工750万元（覆盖ID7/11/23）、其他500万元，公示期5天，接受社会监督。</p>','2026-02-28 10:00:00','ALL','','2026-02-28 10:00:00',NULL,0),(30,'【公告】特色餐饮示范店评选结果公示','ANNOUNCE',1,'<p>10号广河县伊香源餐饮服务店、19号广河县伊香阁餐饮有限公司获评2026年广河县特色餐饮示范店，各获补贴5万元，公示期3天（2026-03-20至2026-03-22），异议反馈电话：13900139004。</p>','2026-03-20 09:00:00','SPECIFIC_USER','1,10,4','2026-03-20 09:00:00',NULL,0),(31,'【公告】安全生产专项检查结果通报','ANNOUNCE',1,'<p>2026年安全生产专项检查已完成，1/4/8号企业达标，9号广河县金盛建材经营部、13号广河县盛兴包装制品厂存在安全隐患，需于2026-03-15前整改完毕，整改后复查。</p>','2026-03-08 14:00:00','ALL','','2026-03-08 14:00:00',NULL,0),(32,'【公告】2026年统计补贴发放名单公示','ANNOUNCE',2,'<p>6号广河县佳惠生活超市获批统计补贴2万元，22号广河县伊佳鲜生超市获批统计补贴1.5万元，公示期2天，无异议后将于2026-03-12发放。</p>','2026-03-09 10:00:00','SPECIFIC_USER','2,1,3','2026-03-09 10:00:00',NULL,0),(33,'【公告】农产品加工扶持资金申报结果公示','ANNOUNCE',9,'<p>9号广河县绿康农产品加工有限公司获批初加工升级补贴8万元，7号广河县福源牛羊养殖合作社获批技术培训补贴5万元，公示期3天，异议请联系经济开发区：16547387463。</p>','2026-03-12 11:00:00','SPECIFIC_USER','9,5,2','2026-03-12 11:00:00',NULL,0),(34,'【公告】商贸企业生鲜供应链补贴发放通知','ANNOUNCE',4,'<p>3号广河县惠民超市连锁获批8万元补贴，15号广河县佳美生活超市获批9万元补贴，20号广河县恒通商贸获批10万元补贴，资金将于2026-03-28拨付，请注意查收。</p>','2026-03-20 14:00:00','SPECIFIC_USER','4,3,1','2026-03-20 14:00:00',NULL,0),(35,'【公告】2026年企业服务培训会延期通知','ANNOUNCE',1,'<p>原定于2026-03-25的企业服务培训会延期至2026-04-08 10:00，地点不变（县政务大厅三楼），请各企业重新安排参会人员，重点参会：23家帮扶企业负责人。</p>','2026-03-20 15:00:00','ALL','','2026-03-20 15:00:00',NULL,0),(36,'【公告】工程机械租赁备案结果公示','ANNOUNCE',3,'<p>17号广河县鑫源工程机械租赁部备案审核通过，可申领租赁行业专项扶持资金5万元，公示期1天，无异议后可于2026-03-15至县发改局办理申领。</p>','2026-03-10 09:00:00','SPECIFIC_USER','3,1,9','2026-03-10 09:00:00',NULL,0),(37,'【公告】2026年第一批23家帮扶企业阶段性成果通报','ANNOUNCE',1,'<p>2026年第一批23家帮扶企业阶段性成果已完成：1.清真食品类企业（ID1/4/16）完成溯源体系搭建；2.农机类企业（ID2/5/14/21）实现技术升级；3.商贸类企业（ID3/6/15/20/22）拓展销售渠道；4.农业类企业（ID7/11/18/23）提升加工效率；5.其他类企业（ID8/9/13/17/19）完成合规化改造。后续将持续跟踪帮扶效果。</p>','2026-03-25 10:00:00','ALL','','2026-03-25 10:00:00',NULL,0),(39,'测试','NOTICE',10,'<p>测试</p>','2026-02-24 22:54:45','ALL','','2026-02-24 22:54:58','2026-02-24 22:54:58',0),(40,'测试','NOTICE',1,'<ol style=\"list-style-type: lower-alpha;\">\n<li style=\"text-align: justify;\">\n<table style=\"border-collapse: collapse; width: 100.02%;\" border=\"1\"><colgroup><col style=\"width: 12.5125%;\"><col style=\"width: 12.5125%;\"><col style=\"width: 12.5125%;\"><col style=\"width: 12.5125%;\"><col style=\"width: 12.5125%;\"><col style=\"width: 12.5125%;\"><col style=\"width: 12.5125%;\"><col style=\"width: 12.5125%;\"></colgroup>\n<tbody>\n<tr>\n<td>测试</td>\n<td>测试</td>\n<td>&nbsp;</td>\n<td>&nbsp;</td>\n<td>&nbsp;</td>\n<td>&nbsp;</td>\n<td>&nbsp;</td>\n<td>&nbsp;</td>\n</tr>\n<tr>\n<td>测试</td>\n<td>&nbsp;</td>\n<td>&nbsp;</td>\n<td>&nbsp;</td>\n<td>&nbsp;</td>\n<td>&nbsp;</td>\n<td>&nbsp;</td>\n<td>&nbsp;</td>\n</tr>\n<tr>\n<td>&nbsp;</td>\n<td>&nbsp;</td>\n<td>&nbsp;</td>\n<td>&nbsp;</td>\n<td>&nbsp;</td>\n<td>&nbsp;</td>\n<td>&nbsp;</td>\n<td>&nbsp;</td>\n</tr>\n<tr>\n<td>&nbsp;</td>\n<td>&nbsp;</td>\n<td>&nbsp;</td>\n<td>&nbsp;</td>\n<td>&nbsp;</td>\n<td>&nbsp;</td>\n<td>&nbsp;</td>\n<td>&nbsp;</td>\n</tr>\n<tr>\n<td>&nbsp;</td>\n<td>&nbsp;</td>\n<td>&nbsp;</td>\n<td>&nbsp;</td>\n<td>&nbsp;</td>\n<td>&nbsp;</td>\n<td>&nbsp;</td>\n<td>&nbsp;</td>\n</tr>\n</tbody>\n</table>\n</li>\n</ol>','2026-02-25 14:55:10','ALL','','2026-02-25 14:56:31','2026-02-25 14:56:31',0);
/*!40000 ALTER TABLE `sme_notice` ENABLE KEYS */;
UNLOCK TABLES;

--
-- Table structure for table `sme_notice_user`
--

DROP TABLE IF EXISTS `sme_notice_user`;
/*!40101 SET @saved_cs_client     = @@character_set_client */;
/*!50503 SET character_set_client = utf8mb4 */;
CREATE TABLE `sme_notice_user` (
  `id` bigint unsigned NOT NULL AUTO_INCREMENT,
  `notice_id` bigint unsigned NOT NULL COMMENT '通知ID',
  `user_id` bigint unsigned NOT NULL COMMENT '接收人ID',
  `is_read` tinyint NOT NULL DEFAULT '0' COMMENT '是否已读 0-未读 1-已读',
  `read_time` datetime DEFAULT NULL COMMENT '阅读时间',
  `create_time` datetime NOT NULL DEFAULT CURRENT_TIMESTAMP,
  PRIMARY KEY (`id`),
  UNIQUE KEY `uk_notice_user` (`notice_id`,`user_id`),
  KEY `idx_notice_user_user_id` (`user_id`),
  CONSTRAINT `fk_notice_user_notice` FOREIGN KEY (`notice_id`) REFERENCES `sme_notice` (`id`) ON DELETE CASCADE,
  CONSTRAINT `fk_notice_user_user` FOREIGN KEY (`user_id`) REFERENCES `sys_user` (`id`) ON DELETE CASCADE
) ENGINE=InnoDB AUTO_INCREMENT=4197 DEFAULT CHARSET=utf8mb4 COLLATE=utf8mb4_unicode_ci COMMENT='通知-用户关联表';
/*!40101 SET character_set_client = @saved_cs_client */;

--
-- Dumping data for table `sme_notice_user`
--

LOCK TABLES `sme_notice_user` WRITE;
/*!40000 ALTER TABLE `sme_notice_user` DISABLE KEYS */;
INSERT INTO `sme_notice_user` VALUES (3970,1,1,1,'2026-02-19 12:05:34','2026-02-18 17:43:53'),(3971,1,2,0,NULL,'2026-02-18 17:43:53'),(3972,1,3,0,NULL,'2026-02-18 17:43:53'),(3973,1,4,1,'2026-02-23 13:00:16','2026-02-18 17:43:53'),(3974,1,5,0,NULL,'2026-02-18 17:43:53'),(3975,1,8,0,NULL,'2026-02-18 17:43:53'),(3976,1,9,0,NULL,'2026-02-18 17:43:53'),(3977,3,1,1,'2026-02-19 11:53:36','2026-02-18 17:43:53'),(3978,3,2,0,NULL,'2026-02-18 17:43:53'),(3979,3,3,0,NULL,'2026-02-18 17:43:53'),(3980,3,4,1,'2026-02-23 12:37:29','2026-02-18 17:43:53'),(3981,3,5,0,NULL,'2026-02-18 17:43:53'),(3982,3,8,0,NULL,'2026-02-18 17:43:53'),(3983,3,9,0,NULL,'2026-02-18 17:43:53'),(3984,6,1,1,'2026-02-19 11:53:24','2026-02-18 17:43:53'),(3985,6,2,1,'2026-02-19 12:02:53','2026-02-18 17:43:53'),(3986,6,3,0,NULL,'2026-02-18 17:43:53'),(3987,6,4,1,'2026-02-23 12:29:46','2026-02-18 17:43:53'),(3988,6,5,0,NULL,'2026-02-18 17:43:53'),(3989,6,8,0,NULL,'2026-02-18 17:43:53'),(3990,6,9,0,NULL,'2026-02-18 17:43:53'),(3991,5,1,1,'2026-02-19 11:53:28','2026-02-18 17:43:53'),(3992,5,2,1,'2026-02-19 12:04:07','2026-02-18 17:43:53'),(3993,5,3,0,NULL,'2026-02-18 17:43:53'),(3994,5,4,1,'2026-02-23 12:33:07','2026-02-18 17:43:53'),(3995,5,5,0,NULL,'2026-02-18 17:43:53'),(3996,5,8,0,NULL,'2026-02-18 17:43:53'),(3997,5,9,0,NULL,'2026-02-18 17:43:53'),(3998,2,1,1,'2026-02-19 11:54:31','2026-02-18 17:43:53'),(3999,2,2,0,NULL,'2026-02-18 17:43:53'),(4000,2,3,0,NULL,'2026-02-18 17:43:53'),(4001,2,4,1,'2026-02-23 12:37:35','2026-02-18 17:43:53'),(4002,2,5,0,NULL,'2026-02-18 17:43:53'),(4003,2,8,0,NULL,'2026-02-18 17:43:53'),(4004,2,9,0,NULL,'2026-02-18 17:43:53'),(4014,7,1,1,'2026-02-21 15:30:08','2026-02-21 15:29:13'),(4015,7,2,0,NULL,'2026-02-21 15:29:13'),(4016,7,3,0,NULL,'2026-02-21 15:29:13'),(4017,7,4,1,'2026-02-23 12:22:18','2026-02-21 15:29:13'),(4018,7,5,0,NULL,'2026-02-21 15:29:13'),(4019,7,8,0,NULL,'2026-02-21 15:29:13'),(4020,7,9,0,NULL,'2026-02-21 15:29:13'),(4021,7,10,0,NULL,'2026-02-21 15:29:13'),(4022,4,1,1,'2026-02-21 15:30:12','2026-02-21 15:29:40'),(4023,4,2,0,NULL,'2026-02-21 15:29:40'),(4024,4,3,0,NULL,'2026-02-21 15:29:40'),(4025,4,4,1,'2026-02-23 12:37:25','2026-02-21 15:29:40'),(4026,4,5,0,NULL,'2026-02-21 15:29:40'),(4027,4,8,0,NULL,'2026-02-21 15:29:40'),(4028,4,9,0,NULL,'2026-02-21 15:29:40'),(4029,4,10,0,NULL,'2026-02-21 15:29:40'),(4059,11,5,1,'2026-02-24 15:05:00','2026-02-24 15:00:00'),(4060,11,8,0,NULL,'2026-02-24 15:00:00'),(4061,12,1,1,'2026-02-25 09:05:00','2026-02-25 09:00:00'),(4062,12,2,1,'2026-02-25 09:10:00','2026-02-25 09:00:00'),(4063,12,3,0,NULL,'2026-02-25 09:00:00'),(4064,12,4,1,'2026-02-25 09:15:00','2026-02-25 09:00:00'),(4065,12,5,0,NULL,'2026-02-25 09:00:00'),(4066,12,8,0,NULL,'2026-02-25 09:00:00'),(4067,12,9,0,NULL,'2026-02-25 09:00:00'),(4068,12,10,0,NULL,'2026-02-25 09:00:00'),(4069,12,12,0,NULL,'2026-02-25 09:00:00'),(4070,13,2,1,'2026-02-25 10:05:00','2026-02-25 10:00:00'),(4071,13,1,1,'2026-02-25 10:10:00','2026-02-25 10:00:00'),(4072,13,3,0,NULL,'2026-02-25 10:00:00'),(4073,14,8,1,'2026-02-25 11:05:00','2026-02-25 11:00:00'),(4074,14,5,0,NULL,'2026-02-25 11:00:00'),(4075,14,10,0,NULL,'2026-02-25 11:00:00'),(4076,15,10,1,'2026-02-25 14:05:00','2026-02-25 14:00:00'),(4077,15,1,1,'2026-02-25 14:10:00','2026-02-25 14:00:00'),(4078,15,4,0,NULL,'2026-02-25 14:00:00'),(4079,16,1,1,'2026-02-25 15:05:00','2026-02-25 15:00:00'),(4080,16,2,1,'2026-02-25 15:10:00','2026-02-25 15:00:00'),(4081,16,3,1,'2026-02-25 15:15:00','2026-02-25 15:00:00'),(4082,16,4,0,NULL,'2026-02-25 15:00:00'),(4083,16,5,0,NULL,'2026-02-25 15:00:00'),(4084,16,8,0,NULL,'2026-02-25 15:00:00'),(4085,16,9,0,NULL,'2026-02-25 15:00:00'),(4086,16,10,0,NULL,'2026-02-25 15:00:00'),(4087,16,12,0,NULL,'2026-02-25 15:00:00'),(4088,17,1,1,'2026-02-26 09:05:00','2026-02-26 09:00:00'),(4089,17,10,0,NULL,'2026-02-26 09:00:00'),(4090,17,4,0,NULL,'2026-02-26 09:00:00'),(4091,18,2,1,'2026-02-26 10:05:00','2026-02-26 10:00:00'),(4092,18,9,0,NULL,'2026-02-26 10:00:00'),(4093,18,5,0,NULL,'2026-02-26 10:00:00'),(4094,19,10,1,'2026-03-10 09:05:00','2026-03-10 09:00:00'),(4095,19,1,1,'2026-03-10 09:10:00','2026-03-10 09:00:00'),(4096,19,4,0,NULL,'2026-03-10 09:00:00'),(4097,20,10,1,'2026-03-08 10:05:00','2026-03-08 10:00:00'),(4098,20,5,1,'2026-03-08 10:10:00','2026-03-08 10:00:00'),(4099,20,8,0,NULL,'2026-03-08 10:00:00'),(4100,21,1,1,'2026-03-06 14:05:00','2026-03-06 14:00:00'),(4101,21,9,0,NULL,'2026-03-06 14:00:00'),(4102,21,3,0,NULL,'2026-03-06 14:00:00'),(4103,22,2,1,'2026-03-07 11:05:00','2026-03-07 11:00:00'),(4104,22,1,1,'2026-02-23 17:44:50','2026-03-07 11:00:00'),(4105,22,3,0,NULL,'2026-03-07 11:00:00'),(4106,23,5,1,'2026-03-10 15:05:00','2026-03-10 15:00:00'),(4107,23,8,0,NULL,'2026-03-10 15:00:00'),(4108,24,3,1,'2026-03-18 09:05:00','2026-03-18 09:00:00'),(4109,24,4,0,NULL,'2026-03-18 09:00:00'),(4110,24,10,0,NULL,'2026-03-18 09:00:00'),(4111,25,4,1,'2026-03-15 10:05:00','2026-03-15 10:00:00'),(4112,25,3,0,NULL,'2026-03-15 10:00:00'),(4113,25,1,1,'2026-02-24 22:43:43','2026-03-15 10:00:00'),(4114,26,1,1,'2026-03-01 09:05:00','2026-03-01 09:00:00'),(4115,26,2,1,'2026-03-01 09:10:00','2026-03-01 09:00:00'),(4116,26,3,0,NULL,'2026-03-01 09:00:00'),(4117,26,4,1,'2026-03-01 09:15:00','2026-03-01 09:00:00'),(4118,26,5,0,NULL,'2026-03-01 09:00:00'),(4119,26,8,0,NULL,'2026-03-01 09:00:00'),(4120,26,9,0,NULL,'2026-03-01 09:00:00'),(4121,26,10,1,'2026-03-01 09:20:00','2026-03-01 09:00:00'),(4122,26,12,0,NULL,'2026-03-01 09:00:00'),(4123,27,8,1,'2026-03-10 14:05:00','2026-03-10 14:00:00'),(4124,27,5,1,'2026-03-10 14:10:00','2026-03-10 14:00:00'),(4125,27,10,0,NULL,'2026-03-10 14:00:00'),(4126,28,5,1,'2026-03-15 15:05:00','2026-03-15 15:00:00'),(4127,28,8,0,NULL,'2026-03-15 15:00:00'),(4128,29,1,1,'2026-02-28 10:05:00','2026-02-28 10:00:00'),(4129,29,2,1,'2026-02-28 10:10:00','2026-02-28 10:00:00'),(4130,29,3,1,'2026-02-28 10:15:00','2026-02-28 10:00:00'),(4131,29,4,1,'2026-02-28 10:20:00','2026-02-28 10:00:00'),(4132,29,5,0,NULL,'2026-02-28 10:00:00'),(4133,29,8,0,NULL,'2026-02-28 10:00:00'),(4134,29,9,0,NULL,'2026-02-28 10:00:00'),(4135,29,10,0,NULL,'2026-02-28 10:00:00'),(4136,29,12,0,NULL,'2026-02-28 10:00:00'),(4137,30,1,1,'2026-03-20 09:05:00','2026-03-20 09:00:00'),(4138,30,10,0,NULL,'2026-03-20 09:00:00'),(4139,30,4,0,NULL,'2026-03-20 09:00:00'),(4140,31,1,1,'2026-03-08 14:05:00','2026-03-08 14:00:00'),(4141,31,2,1,'2026-03-08 14:10:00','2026-03-08 14:00:00'),(4142,31,3,0,NULL,'2026-03-08 14:00:00'),(4143,31,4,0,NULL,'2026-03-08 14:00:00'),(4144,31,5,0,NULL,'2026-03-08 14:00:00'),(4145,31,8,0,NULL,'2026-03-08 14:00:00'),(4146,31,9,0,NULL,'2026-03-08 14:00:00'),(4147,31,10,0,NULL,'2026-03-08 14:00:00'),(4148,31,12,0,NULL,'2026-03-08 14:00:00'),(4149,32,2,1,'2026-03-09 10:05:00','2026-03-09 10:00:00'),(4150,32,1,1,'2026-02-24 22:43:57','2026-03-09 10:00:00'),(4151,32,3,0,NULL,'2026-03-09 10:00:00'),(4152,33,9,1,'2026-03-12 11:05:00','2026-03-12 11:00:00'),(4153,33,5,0,NULL,'2026-03-12 11:00:00'),(4154,33,2,0,NULL,'2026-03-12 11:00:00'),(4155,34,4,1,'2026-03-20 14:05:00','2026-03-20 14:00:00'),(4156,34,3,0,NULL,'2026-03-20 14:00:00'),(4157,34,1,1,'2026-02-23 17:32:54','2026-03-20 14:00:00'),(4158,35,1,1,'2026-03-20 15:05:00','2026-03-20 15:00:00'),(4159,35,2,1,'2026-03-20 15:10:00','2026-03-20 15:00:00'),(4160,35,3,0,NULL,'2026-03-20 15:00:00'),(4161,35,4,0,NULL,'2026-03-20 15:00:00'),(4162,35,5,0,NULL,'2026-03-20 15:00:00'),(4163,35,8,0,NULL,'2026-03-20 15:00:00'),(4164,35,9,0,NULL,'2026-03-20 15:00:00'),(4165,35,10,1,'2026-02-24 23:31:58','2026-03-20 15:00:00'),(4166,35,12,0,NULL,'2026-03-20 15:00:00'),(4167,36,3,1,'2026-03-10 09:05:00','2026-03-10 09:00:00'),(4168,36,1,1,'2026-02-24 22:43:53','2026-03-10 09:00:00'),(4169,36,9,0,NULL,'2026-03-10 09:00:00'),(4170,37,1,1,'2026-03-25 10:05:00','2026-03-25 10:00:00'),(4171,37,2,1,'2026-03-25 10:10:00','2026-03-25 10:00:00'),(4172,37,3,1,'2026-03-25 10:15:00','2026-03-25 10:00:00'),(4173,37,4,1,'2026-03-25 10:20:00','2026-03-25 10:00:00'),(4174,37,5,1,'2026-03-25 10:25:00','2026-03-25 10:00:00'),(4175,37,8,0,NULL,'2026-03-25 10:00:00'),(4176,37,9,0,NULL,'2026-03-25 10:00:00'),(4177,37,10,1,'2026-02-24 23:31:53','2026-03-25 10:00:00'),(4178,37,12,0,NULL,'2026-03-25 10:00:00'),(4179,39,1,1,'2026-02-24 23:33:48','2026-02-24 22:54:58'),(4180,39,2,0,NULL,'2026-02-24 22:54:58'),(4181,39,3,0,NULL,'2026-02-24 22:54:58'),(4182,39,4,0,NULL,'2026-02-24 22:54:58'),(4183,39,5,0,NULL,'2026-02-24 22:54:58'),(4184,39,8,0,NULL,'2026-02-24 22:54:58'),(4185,39,9,0,NULL,'2026-02-24 22:54:58'),(4186,39,10,0,NULL,'2026-02-24 22:54:58'),(4187,39,12,0,NULL,'2026-02-24 22:54:58'),(4188,40,1,1,'2026-02-25 14:56:42','2026-02-25 14:56:31'),(4189,40,2,0,NULL,'2026-02-25 14:56:31'),(4190,40,3,0,NULL,'2026-02-25 14:56:31'),(4191,40,4,0,NULL,'2026-02-25 14:56:31'),(4192,40,5,0,NULL,'2026-02-25 14:56:31'),(4193,40,8,0,NULL,'2026-02-25 14:56:31'),(4194,40,9,0,NULL,'2026-02-25 14:56:31'),(4195,40,10,1,'2026-02-25 14:57:01','2026-02-25 14:56:31'),(4196,40,12,0,NULL,'2026-02-25 14:56:31');
/*!40000 ALTER TABLE `sme_notice_user` ENABLE KEYS */;
UNLOCK TABLES;

--
-- Table structure for table `sme_package_contact`
--

DROP TABLE IF EXISTS `sme_package_contact`;
/*!40101 SET @saved_cs_client     = @@character_set_client */;
/*!50503 SET character_set_client = utf8mb4 */;
CREATE TABLE `sme_package_contact` (
  `id` bigint unsigned NOT NULL AUTO_INCREMENT COMMENT '主键ID',
  `package_no` varchar(50) NOT NULL COMMENT '问题编号',
  `process_status` varchar(30) NOT NULL DEFAULT 'UNHANDLED' COMMENT 'UNHANDLED HANDLING COMPLETED UNABLE',
  `lpe_id` bigint unsigned NOT NULL COMMENT '关联sme_lpe.id',
  `enterprise_problem` text NOT NULL COMMENT '企业问题',
  `problem_receive_time` datetime NOT NULL COMMENT '接收时间',
  `problem_type` varchar(50) NOT NULL COMMENT '问题类型',
  `handle_result` varchar(50) DEFAULT NULL COMMENT '办理结果',
  `handle_content` text COMMENT '办理情况',
  `unable_reason` varchar(500) DEFAULT NULL COMMENT '无法办理原因',
  `complete_time` datetime DEFAULT NULL COMMENT '办结时间',
  `handle_remark` text COMMENT '办理说明',
  `remark` varchar(500) DEFAULT '' COMMENT '备注',
  `create_time` datetime NOT NULL DEFAULT CURRENT_TIMESTAMP,
  `update_time` datetime DEFAULT NULL ON UPDATE CURRENT_TIMESTAMP,
  `del_flag` tinyint NOT NULL DEFAULT '0',
  PRIMARY KEY (`id`),
  UNIQUE KEY `uk_package_no` (`package_no`),
  KEY `idx_pkg_lpe_id` (`lpe_id`),
  KEY `idx_pkg_status` (`process_status`),
  KEY `idx_pkg_type` (`problem_type`),
  KEY `idx_pkg_time` (`problem_receive_time`),
  KEY `idx_pkg_del` (`del_flag`),
  CONSTRAINT `fk_package_lpe` FOREIGN KEY (`lpe_id`) REFERENCES `sme_lpe` (`id`) ON DELETE CASCADE
) ENGINE=InnoDB AUTO_INCREMENT=154 DEFAULT CHARSET=utf8mb4 COLLATE=utf8mb4_0900_ai_ci COMMENT='企业包抓联问题表（重构版）';
/*!40101 SET character_set_client = @saved_cs_client */;

--
-- Dumping data for table `sme_package_contact`
--

LOCK TABLES `sme_package_contact` WRITE;
/*!40000 ALTER TABLE `sme_package_contact` DISABLE KEYS */;
INSERT INTO `sme_package_contact` VALUES (122,'GH_BZL_2026020001','COMPLETED',14,'申请清真食品加工专项贷款500万元，用于溯源体系建设','2026-02-15 09:00:00','FINANCING','COMPLETED','已对接农商行完成贷款审批，500万元专项贷款于2026-02-20发放到位',NULL,'2026-02-20 15:30:00','贷款年利率4.2%，期限3年，享受小微企业贴息政策','清真食品溯源体系建设资金需求','2026-02-15 09:05:00',NULL,0),(123,'GH_BZL_2026020002','COMPLETED',14,'申请清真食品生产许可证续期，协助整理申报材料','2026-02-16 10:00:00','OTHER','COMPLETED','已协助企业完成许可证续期申报，2026-02-22拿到新许可证',NULL,'2026-02-22 11:00:00','许可证有效期延长至2031年，无需现场核查','食品生产许可证续期','2026-02-16 10:05:00',NULL,0),(124,'GH_BZL_2026020003','HANDLING',15,'农机设备运输成本高，申请物流补贴降低运输费用','2026-02-16 10:10:00','LOGISTICS','PROCESSING','已收集企业运输凭证，正在向州交通局申报物流补贴，预计3个工作日内完成审核',NULL,NULL,'补贴标准为运输费用的30%，单月最高补贴5万元','农机物流成本优化','2026-02-16 10:15:00',NULL,0),(125,'GH_BZL_2026020004','COMPLETED',15,'申请农机研发专利补贴，用于新型播种机专利申报','2026-02-17 09:00:00','TECHNOLOGY','COMPLETED','已协助企业完成专利补贴申报，补贴金额1.5万元于2026-02-21到账',NULL,'2026-02-21 14:00:00','符合甘肃省农机研发专利补贴政策','农机专利补贴申请','2026-02-17 09:05:00',NULL,0),(126,'GH_BZL_2026020005','COMPLETED',16,'急需生鲜分拣、收银岗位员工20名，请求协助招聘','2026-02-14 14:00:00','PERSONNEL','COMPLETED','通过人社局招聘平台发布岗位，截至2026-02-18已完成20名员工招聘并上岗',NULL,'2026-02-18 17:00:00','为企业推荐本地务工人员，签订劳动合同，缴纳社保','商超人员缺口补充','2026-02-14 14:05:00',NULL,0),(127,'GH_BZL_2026020006','COMPLETED',17,'申请清真食品加工企业税收减免政策，核实申报材料','2026-02-17 08:30:00','POLICY','COMPLETED','已协助企业完成税收减免申报，2026年度增值税减免15万元，所得税减免8万元',NULL,'2026-02-22 10:00:00','符合《甘肃省清真食品企业扶持政策》第6条规定','税收优惠政策落地','2026-02-17 08:35:00',NULL,0),(128,'GH_BZL_2026020007','HANDLING',17,'请求对接本地商超，拓展清真食品销售渠道','2026-02-18 11:00:00','MARKET','PROCESSING','已对接3家大型商超，拟于2026-02-28签订供货协议',NULL,NULL,'预计月供货量增加5000件','清真食品渠道拓展','2026-02-18 11:05:00',NULL,0),(129,'GH_BZL_2026020008','HANDLING',18,'申请农机研发专项补贴，用于与甘肃农大合作实验室建设','2026-02-18 09:20:00','TECHNOLOGY','PROCESSING','已提交补贴申请至省科技厅，正在等待专家评审，预计2026-03-05出结果',NULL,NULL,'补贴金额预计80万元，需提供实验室建设方案和合作协议','农机研发资金扶持','2026-02-18 09:25:00',NULL,0),(130,'GH_BZL_2026020009','COMPLETED',19,'门店用电容量不足，申请增容至100kW，解决用电短缺问题','2026-02-19 11:00:00','ELEMENT_GUARANTEE','COMPLETED','已协调电力公司完成线路改造，2026-02-21完成增容验收，用电容量提升至100kW',NULL,'2026-02-21 16:00:00','增容费用由小微企业扶持资金承担50%','商超用电增容','2026-02-19 11:05:00',NULL,0),(131,'GH_BZL_2026020010','UNABLE',20,'申请牧草种植补贴，因合作社未完成土地备案无法申报','2026-02-15 14:30:00','PRODUCTION_COST','UNABLE',NULL,'合作社养殖区土地为集体用地，未完成农业生产用地备案，不符合补贴申报条件，需先完成备案后重新申请',NULL,'已告知企业备案流程，预计3个月内可完成备案','牧草种植补贴申请','2026-02-15 14:35:00',NULL,0),(132,'GH_BZL_2026020011','COMPLETED',20,'请求培训养殖技术员，提升牛羊疫病防控能力','2026-02-17 15:00:00','PERSONNEL','COMPLETED','已于2026-02-20组织疫病防控培训，30名技术员参训',NULL,'2026-02-20 17:00:00','培训由县畜牧局专家授课，发放培训证书','养殖技术培训','2026-02-17 15:05:00',NULL,0),(133,'GH_BZL_2026020012','COMPLETED',21,'申请10辆新能源冷链运输车指标，用于物流车队更新','2026-02-16 15:00:00','NEW_ENERGY_INDEX','COMPLETED','已向州发改委申请并获批10个新能源车辆指标，企业可于2026-03-01起采购车辆',NULL,'2026-02-20 14:00:00','指标有效期6个月，可享受车辆购置补贴','新能源物流车指标申请','2026-02-16 15:05:00',NULL,0),(134,'GH_BZL_2026020013','PROCESSING',22,'请求对接县内重点工程项目，拓展建材销售渠道','2026-02-17 10:00:00','MARKET','PROCESSING','已整理企业建材品类清单，对接县住建局、交通局，拟于2026-02-25组织供需对接会',NULL,NULL,'重点对接棚户区改造、农村道路硬化项目','建材销售渠道拓展','2026-02-17 10:05:00','2026-02-23 18:30:50',0),(135,'GH_BZL_2026020014','COMPLETED',23,'门店门前道路施工影响客流，请求协调施工工期','2026-02-18 11:30:00','BUSINESS_ENVIRONMENT','COMPLETED','已协调住建局将施工工期缩短至15天，且避开餐饮高峰期（11:00-14:00、17:00-20:00）施工',NULL,'2026-02-22 18:00:00','施工单位已张贴公告，补偿企业误工损失2000元','餐饮门店施工影响协调','2026-02-18 11:35:00',NULL,0),(136,'GH_BZL_2026020015','COMPLETED',23,'申请直播电商扶持资金，用于团队培训和设备采购','2026-02-19 14:00:00','POLICY','COMPLETED','已获批5万元扶持资金，用于购买直播设备和主播培训',NULL,'2026-02-23 10:00:00','资金已于2026-02-23拨付至企业账户','直播电商扶持申请','2026-02-19 14:05:00',NULL,0),(137,'GH_BZL_2026020016','PROCESSING',24,'申请农资经营专项补贴，核实补贴金额和申报流程','2026-02-19 09:00:00','POLICY','PROCESSING','已核对企业2025年度农资销售额，初步核算补贴金额1.2万元，正在完善申报材料',NULL,NULL,'补贴标准为年销售额的1%，最高补贴2万元','农资经营补贴申报','2026-02-19 09:05:00','2026-02-23 18:30:35',0),(138,'GH_BZL_2026020017','COMPLETED',25,'维修车间电压不稳，请求电力公司检修并优化供电线路','2026-02-14 15:00:00','POWER_SUPPLY','COMPLETED','电力公司已于2026-02-16完成线路检修，更换老化电缆，加装稳压器，电压恢复稳定',NULL,'2026-02-16 18:00:00','检修费用由电力惠民工程承担，企业无需支付','维修车间供电优化','2026-02-14 15:05:00',NULL,0),(139,'GH_BZL_2026020018','UNABLE',26,'申请增加年度能耗指标50吨标准煤，用于新生产线投产','2026-02-15 10:00:00','ENERGY_CONSUMPTION','UNABLE',NULL,'县年度能耗指标已全部分配完毕，无剩余指标可调剂，建议企业采用节能设备降低能耗',NULL,'已推荐3家节能设备供应商，预计可降低能耗20%','能耗指标增加申请','2026-02-15 10:05:00',NULL,0),(140,'GH_BZL_2026020019','COMPLETED',26,'申请节能设备购置补贴，用于更换车间老旧设备','2026-02-18 10:00:00','POLICY','COMPLETED','已获批节能设备补贴8万元，补贴比例为设备购置金额的20%',NULL,'2026-02-22 11:00:00','已完成设备更换，年节电10万度','节能设备补贴申请','2026-02-18 10:05:00',NULL,0),(141,'GH_BZL_2026020020','COMPLETED',27,'请求组织农机展销会，拓展乡镇销售渠道','2026-02-16 14:00:00','MARKET','COMPLETED','已于2026-02-20在三甲集镇举办农机展销会，签约订单15台，销售额80万元',NULL,'2026-02-20 17:00:00','展销会由县发改局、工信局联合主办，补贴场地费用1万元','农机展销会组织','2026-02-16 14:05:00',NULL,0),(142,'GH_BZL_2026020021','HANDLING',28,'生鲜配送成本高，请求协调冷链物流企业降低配送费','2026-02-17 15:30:00','LOGISTICS','PROCESSING','已对接顺达物流有限公司，初步达成配送费下调10%的意向，正在签订合作协议',NULL,NULL,'合作期限1年，覆盖齐家镇、祁家集镇配送范围','生鲜配送成本优化','2026-02-17 15:35:00',NULL,0),(143,'GH_BZL_2026020022','COMPLETED',29,'申请食品加工坊能评环评备案，完善生产合规手续','2026-02-18 10:00:00','ENERGY_ENV_ASSESS','COMPLETED','已协助企业完成能评环评备案，出具备案证明，符合小型食品加工坊环保要求',NULL,'2026-02-21 09:00:00','备案有效期3年，每年需提交环保自查报告','食品加工坊合规备案','2026-02-18 10:05:00',NULL,0),(144,'GH_BZL_2026020023','COMPLETED',29,'申请Halal国际清真认证补贴，减轻认证费用压力','2026-02-19 09:00:00','POLICY','COMPLETED','已获批认证补贴2万元，覆盖50%的认证费用',NULL,'2026-02-23 10:00:00','认证已于2026-02-20完成，有效期3年','清真认证补贴申请','2026-02-19 09:05:00',NULL,0),(145,'GH_BZL_2026020024','HANDLING',30,'申请工程机械租赁专项贷款300万元，用于设备更新','2026-02-19 14:00:00','FINANCING','PROCESSING','已对接县农商行，正在审核企业资产证明和租赁合同，预计2026-02-28出审批结果',NULL,NULL,'贷款年利率4.5%，可享受小微企业融资担保费减免','工程机械租赁贷款申请','2026-02-19 14:05:00',NULL,0),(146,'GH_BZL_2026020025','COMPLETED',31,'请求对接清真食品企业，签订牛羊长期供货协议','2026-02-14 16:00:00','ENTERPRISE_DEVELOPMENT','COMPLETED','已对接伊兰清真食品有限公司，签订年供货牛羊500头的协议，保底收购价高于市场价5%',NULL,'2026-02-18 10:00:00','协议有效期2年，每年根据市场行情调整收购价','养殖合作社供货渠道拓展','2026-02-14 16:05:00',NULL,0),(147,'GH_BZL_2026020026','COMPLETED',32,'请求对接本地食材供应商，降低食材采购成本','2026-02-15 11:00:00','COLLABORATION','COMPLETED','已组织5家本地蔬菜、牛羊肉供应商与企业对接，签订直供协议，采购成本降低15%',NULL,'2026-02-19 12:00:00','直供协议每月结算，保障食材新鲜度和供应稳定性','餐饮食材直供对接','2026-02-15 11:05:00',NULL,0),(148,'GH_BZL_2026020027','COMPLETED',32,'申请特色餐饮示范店补贴，提升门店装修档次','2026-02-20 10:00:00','POLICY','COMPLETED','已获批示范店补贴3万元，用于门店清真文化装修',NULL,'2026-02-23 11:00:00','示范店牌匾已于2026-02-23发放','餐饮示范店补贴申请','2026-02-20 10:05:00',NULL,0),(149,'GH_BZL_2026020028','HANDLING',33,'请求协助对接省外经销商，拓展农副产品批发渠道','2026-02-16 09:30:00','INVESTMENT','PROCESSING','已整理企业农副产品清单，对接青海、宁夏3家经销商，拟于2026-03-01组织实地考察',NULL,NULL,'重点推广牛羊肉、特色面点等清真农副产品','农副产品省外渠道拓展','2026-02-16 09:35:00',NULL,0),(150,'GH_BZL_2026020029','COMPLETED',34,'新生产线建设需办理规划许可，请求简化审批流程','2026-02-17 14:30:00','PROJECT_CONSTRUCTION','COMPLETED','已启用小微企业项目审批绿色通道，2个工作日内完成规划许可审批，2026-02-20发放许可证',NULL,'2026-02-20 11:00:00','审批费用减免50%，企业仅需缴纳工本费','生产线建设审批简化','2026-02-17 14:35:00',NULL,0),(151,'GH_BZL_2026020030','HANDLING',35,'急需生鲜导购、冷链管理岗位员工10名，请求协助招聘','2026-02-18 15:00:00','PERSONNEL','PROCESSING','已通过人社局发布岗位，截至2026-02-22已收到简历30份，拟于2026-02-25组织面试',NULL,NULL,'优先推荐有生鲜行业从业经验的本地人员','生鲜超市人员招聘','2026-02-18 15:05:00',NULL,0),(152,'GH_BZL_2026020031','COMPLETED',35,'申请生鲜仓储保鲜设备补贴，降低食材损耗率','2026-02-20 11:00:00','POLICY','COMPLETED','已获批设备补贴4万元，用于采购智能保鲜柜和冷链设备',NULL,'2026-02-23 14:00:00','设备已安装完毕，损耗率从15%降至5%','生鲜仓储补贴申请','2026-02-20 11:05:00',NULL,0),(153,'GH_BZL_2026020032','COMPLETED',36,'申请农产品加工品牌商标注册，请求协助办理注册流程','2026-02-19 15:30:00','OTHER','COMPLETED','已协助企业完成商标注册申请，提交至国家知识产权局，预计2026-06-01下发商标证书',NULL,'2026-02-23 10:00:00','注册费用由县产业扶持资金承担，企业无需支付','农产品品牌商标注册','2026-02-19 15:35:00',NULL,0);
/*!40000 ALTER TABLE `sme_package_contact` ENABLE KEYS */;
UNLOCK TABLES;

--
-- Table structure for table `sme_package_handle_record`
--

DROP TABLE IF EXISTS `sme_package_handle_record`;
/*!40101 SET @saved_cs_client     = @@character_set_client */;
/*!50503 SET character_set_client = utf8mb4 */;
CREATE TABLE `sme_package_handle_record` (
  `id` bigint unsigned NOT NULL AUTO_INCREMENT,
  `package_id` bigint unsigned NOT NULL COMMENT '关联问题ID',
  `handle_time` datetime NOT NULL COMMENT '办理时间',
  `handle_content` text NOT NULL COMMENT '办理内容',
  `handle_type` varchar(20) NOT NULL COMMENT '操作类型：ACCEPT(受理)/PROCESS(办理)/COMPLETE(办结)/UNABLE(无法办结)',
  `attach_url` varchar(1024) DEFAULT NULL COMMENT '附件URL（多个用逗号分隔，存储Minio地址）',
  `create_time` datetime NOT NULL DEFAULT CURRENT_TIMESTAMP,
  `update_time` datetime DEFAULT NULL ON UPDATE CURRENT_TIMESTAMP,
  `del_flag` tinyint NOT NULL DEFAULT '0',
  PRIMARY KEY (`id`),
  KEY `idx_handle_package_id` (`package_id`),
  KEY `idx_handle_time` (`handle_time`),
  KEY `idx_handle_del` (`del_flag`),
  KEY `idx_handle_type` (`handle_type`),
  CONSTRAINT `fk_handle_record_package` FOREIGN KEY (`package_id`) REFERENCES `sme_package_contact` (`id`) ON DELETE CASCADE
) ENGINE=InnoDB AUTO_INCREMENT=106 DEFAULT CHARSET=utf8mb4 COLLATE=utf8mb4_0900_ai_ci;
/*!40101 SET character_set_client = @saved_cs_client */;

--
-- Dumping data for table `sme_package_handle_record`
--

LOCK TABLES `sme_package_handle_record` WRITE;
/*!40000 ALTER TABLE `sme_package_handle_record` DISABLE KEYS */;
INSERT INTO `sme_package_handle_record` VALUES (42,122,'2026-01-15 09:05:00','企业申请清真食品加工专项贷款500万元，已登记受理并分配给工信局马占虎办理','ACCEPT','minio://gh-sme/202602/loan_apply_122.pdf','2026-02-23 17:13:11','2026-02-25 15:45:29',0),(43,122,'2026-01-20 15:30:00','已对接农商行完成贷款审批，500万元专项贷款已发放到位，问题办结','COMPLETE','minio://gh-sme/202602/loan_success_122.pdf','2026-02-23 17:13:11','2026-02-25 15:45:29',0),(44,123,'2026-01-16 10:05:00','企业申请清真食品生产许可证续期，已受理并协助整理申报材料','ACCEPT','minio://gh-sme/202602/license_apply_123.pdf','2026-02-23 17:13:11','2026-02-25 15:45:29',0),(45,123,'2026-01-22 11:00:00','已完成许可证续期申报并领取新证，问题办结','COMPLETE','minio://gh-sme/202602/license_new_123.pdf','2026-02-23 17:13:11','2026-02-25 15:45:29',0),(46,124,'2026-01-16 10:15:00','企业申请物流补贴，已受理并收集运输凭证材料','ACCEPT','minio://gh-sme/202602/logistics_apply_124.pdf','2026-02-23 17:13:11','2026-02-25 15:45:29',0),(47,124,'2026-01-23 17:13:11','正在向州交通局申报物流补贴，审核中','PROCESS','minio://gh-sme/202602/logistics_process_124.pdf','2026-02-23 17:13:11','2026-02-25 15:45:29',0),(48,125,'2026-01-17 09:05:00','企业申请农机研发专利补贴，已受理登记','ACCEPT','minio://gh-sme/202602/patent_apply_125.pdf','2026-02-23 17:13:11','2026-02-25 15:45:29',0),(49,125,'2026-01-21 14:00:00','专利补贴1.5万元已到账，问题办结','COMPLETE','minio://gh-sme/202602/patent_success_125.pdf','2026-02-23 17:13:11','2026-02-25 15:45:29',0),(50,126,'2026-02-14 14:05:00','企业急需招聘20名员工，已受理并发布招聘信息','ACCEPT','minio://gh-sme/202602/hr_apply_126.pdf','2026-02-23 17:13:11',NULL,0),(51,126,'2026-04-18 17:00:00','已完成20名员工招聘上岗，问题办结','COMPLETE','minio://gh-sme/202602/hr_success_126.pdf','2026-02-23 17:13:11','2026-02-25 15:46:05',0),(52,127,'2026-02-17 08:35:00','企业申请税收减免政策，已受理并协助申报','ACCEPT','minio://gh-sme/202602/tax_apply_127.pdf','2026-02-23 17:13:11',NULL,0),(53,127,'2026-02-22 10:00:00','税收减免已审批通过，问题办结','COMPLETE','minio://gh-sme/202602/tax_success_127.pdf','2026-02-23 17:13:11',NULL,0),(54,128,'2026-02-18 11:05:00','企业请求拓展销售渠道，已受理并对接本地商超','ACCEPT','minio://gh-sme/202602/market_apply_128.pdf','2026-02-23 17:13:11',NULL,0),(55,128,'2026-02-23 17:13:11','已对接3家商超，拟签订供货协议，办理中','PROCESS','minio://gh-sme/202602/market_process_128.pdf','2026-02-23 17:13:11',NULL,0),(56,129,'2026-02-18 09:25:00','企业申请农机研发专项补贴，已受理并提交材料','ACCEPT','minio://gh-sme/202602/tech_apply_129.pdf','2026-02-23 17:13:11',NULL,0),(57,129,'2026-02-23 17:13:11','等待省科技厅专家评审，办理中','PROCESS','minio://gh-sme/202602/tech_process_129.pdf','2026-02-23 17:13:11',NULL,0),(58,130,'2026-02-19 11:05:00','企业申请用电增容，已受理并协调电力公司','ACCEPT','minio://gh-sme/202602/power_apply_130.pdf','2026-02-23 17:13:11',NULL,0),(59,130,'2026-02-21 16:00:00','已完成用电增容验收，问题办结','COMPLETE','minio://gh-sme/202602/power_success_130.pdf','2026-02-23 17:13:11',NULL,0),(60,131,'2026-02-15 14:35:00','企业申请牧草种植补贴，已受理并核查条件','ACCEPT','minio://gh-sme/202602/grass_apply_131.pdf','2026-02-23 17:13:11',NULL,0),(61,131,'2026-02-23 17:13:11','因未完成土地备案，暂无法办理，已告知企业','UNABLE','minio://gh-sme/202602/grass_unable_131.pdf','2026-02-23 17:13:11',NULL,0),(62,132,'2026-02-17 15:05:00','企业请求养殖技术培训，已受理并组织安排','ACCEPT','minio://gh-sme/202602/train_apply_132.pdf','2026-02-23 17:13:11',NULL,0),(63,132,'2026-02-20 17:00:00','已完成技术培训，问题办结','COMPLETE','minio://gh-sme/202602/train_success_132.pdf','2026-02-23 17:13:11',NULL,0),(64,133,'2026-02-16 15:05:00','企业申请新能源冷链车指标，已受理并申报','ACCEPT','minio://gh-sme/202602/energy_apply_133.pdf','2026-02-23 17:13:11',NULL,0),(65,133,'2026-02-20 14:00:00','已获批10个指标，问题办结','COMPLETE','minio://gh-sme/202602/energy_success_133.pdf','2026-02-23 17:13:11',NULL,0),(66,134,'2026-02-17 10:05:00','企业请求拓展建材销售渠道，已受理并对接重点项目','ACCEPT','minio://gh-sme/202602/build_apply_134.pdf','2026-02-23 17:13:11',NULL,0),(67,134,'2026-02-23 17:13:11','拟组织供需对接会，办理中','PROCESS','minio://gh-sme/202602/build_process_134.pdf','2026-02-23 17:13:11',NULL,0),(68,135,'2026-02-18 11:35:00','企业反映施工影响经营，已受理并协调工期','ACCEPT','minio://gh-sme/202602/construct_apply_135.pdf','2026-02-23 17:13:11',NULL,0),(69,135,'2026-02-22 18:00:00','已协调缩短工期并避开高峰，问题办结','COMPLETE','minio://gh-sme/202602/construct_success_135.pdf','2026-02-23 17:13:11',NULL,0),(70,136,'2026-02-19 14:05:00','企业申请直播电商扶持资金，已受理','ACCEPT','minio://gh-sme/202602/live_apply_136.pdf','2026-02-23 17:13:11',NULL,0),(71,136,'2026-02-23 10:00:00','5万元扶持资金已拨付，问题办结','COMPLETE','minio://gh-sme/202602/live_success_136.pdf','2026-02-23 17:13:11',NULL,0),(72,137,'2026-02-19 09:05:00','企业申请农资经营专项补贴，已受理并核算','ACCEPT','minio://gh-sme/202602/seed_apply_137.pdf','2026-02-23 17:13:11',NULL,0),(73,137,'2026-02-23 17:13:11','正在完善申报材料，办理中','PROCESS','minio://gh-sme/202602/seed_process_137.pdf','2026-02-23 17:13:11',NULL,0),(74,138,'2026-02-14 15:05:00','企业反映电压不稳，已受理并协调电力检修','ACCEPT','minio://gh-sme/202602/voltage_apply_138.pdf','2026-02-23 17:13:11',NULL,0),(75,138,'2026-02-16 18:00:00','已完成线路检修，电压恢复正常，问题办结','COMPLETE','minio://gh-sme/202602/voltage_success_138.pdf','2026-02-23 17:13:11',NULL,0),(76,139,'2026-02-15 10:05:00','企业申请增加能耗指标，已受理并核实指标情况','ACCEPT','minio://gh-sme/202602/energy_apply_139.pdf','2026-02-23 17:13:11',NULL,0),(77,139,'2026-02-23 17:13:11','年度能耗指标已用完，无法办理，已给出建议','UNABLE','minio://gh-sme/202602/energy_unable_139.pdf','2026-02-23 17:13:11',NULL,0),(78,140,'2026-02-18 10:05:00','企业申请节能设备补贴，已受理','ACCEPT','minio://gh-sme/202602/save_apply_140.pdf','2026-02-23 17:13:11',NULL,0),(79,140,'2026-02-22 11:00:00','8万元补贴已获批，问题办结','COMPLETE','minio://gh-sme/202602/save_success_140.pdf','2026-02-23 17:13:11',NULL,0),(80,141,'2026-02-16 14:05:00','企业请求组织农机展销会，已受理并安排','ACCEPT','minio://gh-sme/202602/expo_apply_141.pdf','2026-02-23 17:13:11',NULL,0),(81,141,'2026-02-20 17:00:00','展销会已举办并签约订单，问题办结','COMPLETE','minio://gh-sme/202602/expo_success_141.pdf','2026-02-23 17:13:11',NULL,0),(82,142,'2026-02-17 15:35:00','企业请求降低生鲜配送费，已受理并对接物流','ACCEPT','minio://gh-sme/202602/delivery_apply_142.pdf','2026-02-23 17:13:11',NULL,0),(83,142,'2026-02-23 17:13:11','已初步达成配送费下调10%，办理中','PROCESS','minio://gh-sme/202602/delivery_process_142.pdf','2026-02-23 17:13:11',NULL,0),(84,143,'2026-02-18 10:05:00','企业申请能评环评备案，已受理并协助办理','ACCEPT','minio://gh-sme/202602/env_apply_143.pdf','2026-02-23 17:13:11',NULL,0),(85,143,'2026-02-21 09:00:00','已完成备案，问题办结','COMPLETE','minio://gh-sme/202602/env_success_143.pdf','2026-02-23 17:13:11',NULL,0),(86,144,'2026-02-19 09:05:00','企业申请清真认证补贴，已受理','ACCEPT','minio://gh-sme/202602/halal_apply_144.pdf','2026-02-23 17:13:11',NULL,0),(87,144,'2026-02-23 10:00:00','2万元认证补贴已获批，问题办结','COMPLETE','minio://gh-sme/202602/halal_success_144.pdf','2026-02-23 17:13:11',NULL,0),(88,145,'2026-01-19 14:05:00','企业申请工程机械租赁贷款，已受理并对接银行','ACCEPT','minio://gh-sme/202602/machine_apply_145.pdf','2026-02-23 17:13:11','2026-02-25 15:49:04',0),(89,145,'2026-01-23 17:13:11','银行审核中，办理中','PROCESS','minio://gh-sme/202602/machine_process_145.pdf','2026-02-23 17:13:11','2026-02-25 15:49:04',0),(90,146,'2026-01-14 16:05:00','企业请求对接供货渠道，已受理并协调','ACCEPT','minio://gh-sme/202602/supply_apply_146.pdf','2026-02-23 17:13:11','2026-02-25 15:49:04',0),(91,146,'2026-03-18 10:00:00','已签订长期供货协议，问题办结','COMPLETE','minio://gh-sme/202602/supply_success_146.pdf','2026-02-23 17:13:11','2026-02-25 15:49:04',0),(92,147,'2026-04-15 11:05:00','企业请求降低食材采购成本，已受理并对接供应商','ACCEPT','minio://gh-sme/202602/food_apply_147.pdf','2026-02-23 17:13:11','2026-02-25 15:49:04',0),(93,147,'2026-02-19 12:00:00','已签订直供协议，成本下降15%，问题办结','COMPLETE','minio://gh-sme/202602/food_success_147.pdf','2026-02-23 17:13:11',NULL,0),(94,148,'2026-02-20 10:05:00','企业申请特色餐饮示范店补贴，已受理','ACCEPT','minio://gh-sme/202602/cater_apply_148.pdf','2026-02-23 17:13:11',NULL,0),(95,148,'2026-02-23 11:00:00','3万元补贴已获批，问题办结','COMPLETE','minio://gh-sme/202602/cater_success_148.pdf','2026-02-23 17:13:11',NULL,0),(96,149,'2026-02-16 09:35:00','企业请求对接省外经销商，已受理并整理资料','ACCEPT','minio://gh-sme/202602/outside_apply_149.pdf','2026-02-23 17:13:11',NULL,0),(97,149,'2026-02-23 17:13:11','已对接省外经销商，拟考察，办理中','PROCESS','minio://gh-sme/202602/outside_process_149.pdf','2026-02-23 17:13:11',NULL,0),(98,150,'2026-02-17 14:35:00','企业申请规划许可，已受理并走绿色通道','ACCEPT','minio://gh-sme/202602/plan_apply_150.pdf','2026-02-23 17:13:11',NULL,0),(99,150,'2026-02-20 11:00:00','已完成审批并发放许可证，问题办结','COMPLETE','minio://gh-sme/202602/plan_success_150.pdf','2026-02-23 17:13:11',NULL,0),(100,151,'2026-02-18 15:05:00','企业请求招聘生鲜员工，已受理并发布岗位','ACCEPT','minio://gh-sme/202602/fresh_apply_151.pdf','2026-02-23 17:13:11',NULL,0),(101,151,'2026-02-23 17:13:11','已收到简历，拟组织面试，办理中','PROCESS','minio://gh-sme/202602/fresh_process_151.pdf','2026-02-23 17:13:11',NULL,0),(102,152,'2026-02-20 11:05:00','企业申请仓储保鲜设备补贴，已受理','ACCEPT','minio://gh-sme/202602/store_apply_152.pdf','2026-02-23 17:13:11',NULL,0),(103,152,'2026-02-23 14:00:00','4万元设备补贴已获批，问题办结','COMPLETE','minio://gh-sme/202602/store_success_152.pdf','2026-02-23 17:13:11',NULL,0),(104,153,'2026-02-19 15:35:00','企业申请商标注册，已受理并协助提交','ACCEPT','minio://gh-sme/202602/logo_apply_153.pdf','2026-02-23 17:13:11',NULL,0),(105,153,'2026-02-23 10:00:00','已完成商标注册申请，问题办结','COMPLETE','minio://gh-sme/202602/logo_success_153.pdf','2026-02-23 17:13:11',NULL,0);
/*!40000 ALTER TABLE `sme_package_handle_record` ENABLE KEYS */;
UNLOCK TABLES;

--
-- Table structure for table `sme_policy`
--

DROP TABLE IF EXISTS `sme_policy`;
/*!40101 SET @saved_cs_client     = @@character_set_client */;
/*!50503 SET character_set_client = utf8mb4 */;
CREATE TABLE `sme_policy` (
  `id` bigint unsigned NOT NULL AUTO_INCREMENT COMMENT '主键ID',
  `title` varchar(255) NOT NULL COMMENT '政策标题',
  `policy_type` varchar(50) NOT NULL COMMENT '政策类型（关联sys_dict_item.item_code，字典编码policy_type）',
  `publisher_id` bigint unsigned NOT NULL COMMENT '发布人ID，关联sys_user.id',
  `content` longtext COMMENT '政策内容（富文本存HTML，移除默认值避免同类型错误）',
  `publish_time` datetime NOT NULL DEFAULT CURRENT_TIMESTAMP COMMENT '发布时间',
  `is_top` tinyint NOT NULL DEFAULT '0' COMMENT '是否置顶：0-否 / 1-是',
  `is_show` tinyint NOT NULL DEFAULT '1' COMMENT '是否显示：0-隐藏 / 1-显示',
  `create_time` datetime NOT NULL DEFAULT CURRENT_TIMESTAMP COMMENT '创建时间',
  `update_time` datetime DEFAULT NULL ON UPDATE CURRENT_TIMESTAMP COMMENT '更新时间',
  `del_flag` tinyint NOT NULL DEFAULT '0' COMMENT '逻辑删除：0-未删 / 1-已删',
  PRIMARY KEY (`id`),
  KEY `idx_publisher_id` (`publisher_id`),
  KEY `idx_is_top` (`is_top`),
  KEY `idx_is_show` (`is_show`),
  KEY `idx_del_flag` (`del_flag`),
  KEY `idx_policy_type` (`policy_type`)
) ENGINE=InnoDB AUTO_INCREMENT=47 DEFAULT CHARSET=utf8mb4 COLLATE=utf8mb4_0900_ai_ci COMMENT='政策发布表';
/*!40101 SET character_set_client = @saved_cs_client */;

--
-- Dumping data for table `sme_policy`
--

LOCK TABLES `sme_policy` WRITE;
/*!40000 ALTER TABLE `sme_policy` DISABLE KEYS */;
INSERT INTO `sme_policy` VALUES (1,'2025年广河县中小微企业金融扶持政策','FINANCE',1,'<p>为支持县域中小微企业发展，2025年我县对符合条件的企业给予贷款贴息50%，最高贴息10万元，申报时间2025年2月-12月。</p>','2026-02-22 15:56:53',0,1,'2026-02-06 10:45:35','2026-02-22 15:56:54',0),(2,'2025年广河县产业扶持税收优惠政策','TAX',2,'<p>对县域内工业企业年纳税额增长10%以上的，给予地方留存部分30%的返还，具体申报流程见附件。</p>','2025-01-25 15:00:00',0,1,'2026-02-06 10:45:35','2026-02-16 19:13:21',1),(14,'2026年广河县清真食品企业专项信贷扶持政策','FINANCE',10,'<p>对县域内清真食品加工企业（QGSP）发放专项信贷，单户最高500万元，年利率4.2%，享受财政贴息30%，申报时间2026年1-12月。</p>','2026-01-10 09:00:00',1,1,'2026-01-10 09:00:00',NULL,0),(15,'2026年广河县农机企业物流信贷补贴政策','FINANCE',5,'<p>农机制造/销售企业（JXJD）申请物流运输贷款的，给予贷款利息补贴50%，单户年最高补贴5万元，需提供运输凭证。</p>','2026-01-15 10:00:00',0,1,'2026-01-15 10:00:00',NULL,0),(16,'2026年广河县商贸企业生鲜仓储贷款扶持政策','FINANCE',4,'<p>商贸业（YW）企业建设智能生鲜仓储区的，可申请仓储建设专项贷款，额度最高300万元，贴息比例40%。</p>','2026-01-20 11:00:00',0,1,'2026-01-20 11:00:00',NULL,0),(17,'2026年广河县新能源物流车购置信贷政策','FINANCE',5,'<p>物流企业（GY）购置新能源冷链运输车的，可申请购车贷款，首付比例降至10%，贷款期限最长5年。</p>','2026-01-25 14:00:00',0,1,'2026-01-25 14:00:00',NULL,0),(19,'2026年广河县清真食品企业税收减免政策','TAX',2,'<p>清真食品加工企业年应纳税所得额低于300万元的，企业所得税减按5%征收，增值税地方留存部分返还50%。</p>','2026-01-05 09:00:00',1,1,'2026-01-05 09:00:00',NULL,0),(20,'2026年广河县农机研发企业研发费用加计扣除政策','TAX',8,'<p>农机制造企业（JXJD）研发费用按175%税前加计扣除，核心技术研发项目额外享受研发补贴10万元。</p>','2026-01-12 10:00:00',0,1,'2026-01-12 10:00:00',NULL,0),(21,'2026年广河县商贸企业小微企业税收优惠政策','TAX',2,'<p>商贸业小规模纳税人月销售额低于10万元的，免征增值税；完善经营台账的企业额外享受统计补贴5000元。</p>','2026-01-18 11:00:00',0,1,'2026-01-18 11:00:00',NULL,0),(22,'2026年广河县物流企业新能源车辆购置税减免政策','TAX',5,'<p>物流企业（GY）购置新能源冷链运输车的，免征车辆购置税，同时享受车船税减免100%，有效期3年。</p>','2026-01-22 14:00:00',0,1,'2026-01-22 14:00:00',NULL,0),(23,'2026年广河县农业加工企业农产品初加工税收优惠','TAX',3,'<p>农产品加工企业（NY）从事初加工的，免征企业所得税，增值税按1%征收，需备案加工品类。</p>','2026-02-05 09:00:00',0,1,'2026-02-05 09:00:00',NULL,0),(24,'2026年广河县清真食品溯源体系建设扶持政策','INDUSTRY',10,'<p>清真食品企业搭建全链条溯源体系的，按建设成本的30%给予补贴，单户最高补贴20万元，需验收合格。</p>','2026-01-08 09:00:00',1,1,'2026-01-08 09:00:00',NULL,0),(25,'2026年广河县农机研发实验室建设扶持政策','INDUSTRY',8,'<p>农机企业与高校共建研发实验室的，给予实验室建设资金补贴80万元，需签订合作协议并落地研发项目。</p>','2026-01-18 10:00:00',0,1,'2026-01-18 10:00:00',NULL,0),(26,'2026年广河县商贸企业社区门店拓展扶持政策','INDUSTRY',4,'<p>商贸企业（YW）拓展社区连锁门店的，每新增1家门店给予补贴2万元，年最高补贴20万元，需正常经营6个月以上。</p>','2026-01-25 11:00:00',0,1,'2026-01-25 11:00:00',NULL,0),(28,'2026年广河县农业养殖技术培训扶持政策','INDUSTRY',4,'<p>牛羊养殖合作社组织技术员参加疫病防控培训的，按参训人数每人补贴500元，单户年最高补贴1.5万元。</p>','2026-02-10 10:00:00',0,1,'2026-02-10 10:00:00','2026-02-24 11:01:41',0),(29,'广河县中小微企业信贷扶持管理办法','XZFG',1,'<p>为规范县域中小微企业信贷扶持流程，明确贴息申请、审核、拨付等环节要求，本办法自2026年1月1日起施行。</p>','2026-01-01 09:00:00',1,1,'2026-01-01 09:00:00',NULL,0),(30,'广河县清真食品企业认证管理条例','XZFG',10,'<p>明确县域清真食品企业Halal国际认证办理流程、补贴标准及监管要求，认证费用补贴比例不超过50%。</p>','2026-01-08 10:00:00',0,1,'2026-01-08 10:00:00',NULL,0),(31,'广河县农机企业研发补贴管理办法','XZFG',8,'<p>规定农机企业研发补贴申报条件、材料要求及评审标准，核心技术研发项目优先享受补贴。</p>','2026-01-15 11:00:00',0,1,'2026-01-15 11:00:00',NULL,0),(32,'广河县统计局小微企业统计补贴实施细则','BMGZ',2,'<p>细化小微企业统计补贴申报流程：需完善经营台账，年销售额达标后可申请1-2万元补贴，每年3月集中申报。</p>','2026-01-12 09:00:00',0,1,'2026-01-12 09:00:00',NULL,0),(33,'广河县商务局生鲜供应链扶持实施细则','BMGZ',4,'<p>商贸企业对接本地农产品供应商的，按年采购额的2%给予补贴，单户年最高补贴10万元，需提供采购合同。</p>','2026-01-20 10:00:00',0,1,'2026-01-20 10:00:00',NULL,0),(34,'广河县交通局物流补贴审核细则','BMGZ',5,'<p>物流企业申请运输补贴需提供运输路线、吨位、费用凭证等材料，审核周期不超过3个工作日。</p>','2026-01-28 14:00:00',0,1,'2026-01-28 14:00:00',NULL,0),(35,'广河县2026年中小微企业扶持资金管理办法','DFZFGZ',3,'<p>统筹县域中小微企业扶持资金，明确金融、税收、产业类补贴资金池分配比例，清真食品/农机产业占比不低于40%。</p>','2026-01-05 09:00:00',1,1,'2026-01-05 09:00:00',NULL,0),(36,'广河县新能源车辆指标管理暂行规定','DFZFGZ',5,'<p>县域物流企业申请新能源冷链运输车指标的，需满足年运输量不低于5000吨，指标有效期6个月，可延期1次。</p>','2026-01-18 10:00:00',0,1,'2026-01-18 10:00:00',NULL,0),(37,'关于推动广河县农机企业数字化改造的指导意见','ZDXWJ',8,'<p>引导农机配件加工企业完成生产线数字化改造，改造完成后给予设备购置额15%的补贴，最高补贴50万元。</p>','2026-01-22 09:00:00',0,1,'2026-01-22 09:00:00',NULL,0),(38,'关于提升广河县商贸企业直播电商能力的指导意见','ZDXWJ',8,'<p>支持商贸/餐饮企业（YW）打造直播电商团队，给予直播设备采购补贴5万元，培训补贴1万元，需提交直播计划。</p>','2026-02-01 10:00:00',0,1,'2026-02-01 10:00:00','2026-02-24 11:01:41',0),(39,'关于广河县农产品加工企业品牌建设指导意见','ZDXWJ',9,'<p>引导农产品加工企业（NY）注册自主品牌商标，商标注册费用全额补贴，品牌推广费用补贴30%，最高5万元。</p>','2026-02-08 11:00:00',0,1,'2026-02-08 11:00:00',NULL,0),(40,'广河县清真食品生产流程行业规范','HYGF',10,'<p>明确清真食品加工企业生产环境、原料采购、加工工艺等规范要求，达标企业优先享受专项信贷扶持。</p>','2026-01-10 09:00:00',0,1,'2026-01-10 09:00:00',NULL,0),(41,'广河县农机维修行业服务规范','HYGF',8,'<p>农机维修企业需配备先进维修设备，技术员需持培训证书上岗，达标企业可申请维修技术升级补贴。</p>','2026-01-18 10:00:00',0,1,'2026-01-18 10:00:00',NULL,0),(42,'广河县生鲜仓储保鲜行业规范','HYGF',4,'<p>生鲜仓储企业需实现智能温控，损耗率控制在5%以内，达标企业享受仓储设备补贴，最高4万元。</p>','2026-01-25 11:00:00',0,1,'2026-01-25 11:00:00',NULL,0),(43,'广河县2026年产业扶持重点工作方案','ZDJC',1,'<p>2026年县域产业扶持重点：清真食品溯源体系建设、农机研发、商贸供应链升级、新能源物流改造，扶持资金总额5000万元。</p>','2026-01-01 10:00:00',1,1,'2026-01-01 10:00:00',NULL,0),(44,'广河县2026年中小微企业融资攻坚方案','ZDJC',3,'<p>全年计划为县域中小微企业发放专项信贷2亿元，其中清真食品企业占比30%，农机企业占比20%，商贸企业占比25%。</p>','2026-01-15 14:00:00',0,1,'2026-01-15 14:00:00',NULL,0),(45,'广河县清真食品产业保护条例','DFXFG',10,'<p>保障清真食品企业合法权益，明确产业扶持、市场监管、品牌保护等条款，自2026年3月1日起施行。</p>\n<p><img style=\"max-width: 100%;\" src=\"http://192.168.43.20:19966/my-project/d62e205d7d7d46fe8519d8f9022e52b7.jpg\" alt=\"169_5.jpg\"></p>','2026-02-01 09:00:00',1,1,'2026-02-01 09:00:00','2026-02-28 11:44:23',0);
/*!40000 ALTER TABLE `sme_policy` ENABLE KEYS */;
UNLOCK TABLES;

--
-- Table structure for table `sys_dept`
--

DROP TABLE IF EXISTS `sys_dept`;
/*!40101 SET @saved_cs_client     = @@character_set_client */;
/*!50503 SET character_set_client = utf8mb4 */;
CREATE TABLE `sys_dept` (
  `id` bigint unsigned NOT NULL AUTO_INCREMENT COMMENT '主键ID',
  `dept_name` varchar(50) NOT NULL COMMENT '部门名称',
  `dept_code` varchar(50) NOT NULL COMMENT '部门编码',
  `parent_id` bigint unsigned NOT NULL DEFAULT '0' COMMENT '上级部门ID（0为顶级）',
  `leader` varchar(50) DEFAULT '' COMMENT '部门负责人',
  `phone` varchar(20) DEFAULT '' COMMENT '部门联系电话',
  `status` tinyint NOT NULL DEFAULT '1' COMMENT '状态：0-禁用 / 1-启用',
  `create_time` datetime NOT NULL DEFAULT CURRENT_TIMESTAMP COMMENT '创建时间',
  `update_time` datetime DEFAULT NULL ON UPDATE CURRENT_TIMESTAMP COMMENT '更新时间',
  `del_flag` tinyint NOT NULL DEFAULT '0' COMMENT '逻辑删除：0-未删 / 1-已删',
  `position` varchar(50) DEFAULT NULL COMMENT '职务',
  PRIMARY KEY (`id`),
  KEY `idx_parent_id` (`parent_id`),
  KEY `idx_status_del` (`status`,`del_flag`),
  KEY `idx_dept_code` (`dept_code`)
) ENGINE=InnoDB AUTO_INCREMENT=29 DEFAULT CHARSET=utf8mb4 COLLATE=utf8mb4_0900_ai_ci COMMENT='系统部门表（含乡镇）';
/*!40101 SET character_set_client = @saved_cs_client */;

--
-- Dumping data for table `sys_dept`
--

LOCK TABLES `sys_dept` WRITE;
/*!40000 ALTER TABLE `sys_dept` DISABLE KEYS */;
INSERT INTO `sys_dept` VALUES (8,'广河县统计局','GHX_TJJ',0,'马局长','15236545658',1,'2026-02-09 11:49:35','2026-02-10 22:06:34',0,'局长'),(9,'广河县发改局','GHX_FGJ',0,'赵局长','1542365874',1,'2026-02-09 11:52:25','2026-02-10 22:06:22',0,'局长'),(10,'广河县工信局','GHX_GXJ',0,'马占虎','15896325445',1,'2026-02-09 11:57:36','2026-02-23 16:00:31',0,'主任'),(20,'广河县工信局','GHX_GXJ',0,'马某某','1523144544',1,'2026-02-10 22:24:02','2026-02-14 14:01:49',0,'局长'),(21,'广河县统计局','GHX_TJJ',0,'刘主任','15236214521',1,'2026-02-10 22:25:25',NULL,0,'主任'),(22,'广河县交通局','GHX_JTJ',0,'王主任','1254632144',1,'2026-02-10 22:26:12',NULL,0,'主任'),(23,'广河县商务局','GHX_SWJ',0,'马淑雅','5423623654',1,'2026-02-12 21:35:48','2026-02-14 12:51:21',0,'主任'),(24,'广河县科技局','GHX_KJJ',0,'刘主任','19485764758',1,'2026-02-23 15:58:51',NULL,0,'主任'),(25,'广河县公安局','GHX_GAJ',0,'李局长','18376574983',1,'2026-02-23 15:59:17',NULL,0,'局长'),(26,'广河县人社局','GHX_RSJ',0,'王书记','18765476859',1,'2026-02-23 15:59:43',NULL,0,'书记'),(27,'广河县招商局','GHX_ZSJ',0,'赵局长','1845954743',1,'2026-02-23 16:00:18',NULL,0,'局长'),(28,'广河经济开发区','GH_JIKFQ',0,'马占林','18495746354',1,'2026-02-23 16:01:04',NULL,0,'主任');
/*!40000 ALTER TABLE `sys_dept` ENABLE KEYS */;
UNLOCK TABLES;

--
-- Table structure for table `sys_dict`
--

DROP TABLE IF EXISTS `sys_dict`;
/*!40101 SET @saved_cs_client     = @@character_set_client */;
/*!50503 SET character_set_client = utf8mb4 */;
CREATE TABLE `sys_dict` (
  `id` bigint unsigned NOT NULL AUTO_INCREMENT COMMENT '主键ID',
  `dict_code` varchar(50) NOT NULL COMMENT '字典编码（唯一）',
  `dict_name` varchar(50) NOT NULL COMMENT '字典名称',
  `sort` int NOT NULL DEFAULT '0' COMMENT '排序',
  `status` tinyint NOT NULL DEFAULT '1' COMMENT '状态：0-禁用 / 1-启用',
  `create_time` datetime NOT NULL DEFAULT CURRENT_TIMESTAMP COMMENT '创建时间',
  `update_time` datetime DEFAULT NULL ON UPDATE CURRENT_TIMESTAMP COMMENT '更新时间',
  `del_flag` tinyint NOT NULL DEFAULT '0' COMMENT '逻辑删除：0-未删 / 1-已删',
  PRIMARY KEY (`id`),
  UNIQUE KEY `uk_dict_code` (`dict_code`),
  UNIQUE KEY `uk_dict_name` (`dict_name`,`del_flag`) COMMENT '字典名称+删除标记唯一（未删除的字典名称不重复）',
  KEY `idx_status_del` (`status`,`del_flag`)
) ENGINE=InnoDB AUTO_INCREMENT=17 DEFAULT CHARSET=utf8mb4 COLLATE=utf8mb4_0900_ai_ci COMMENT='系统字典主表';
/*!40101 SET character_set_client = @saved_cs_client */;

--
-- Dumping data for table `sys_dict`
--

LOCK TABLES `sys_dict` WRITE;
/*!40000 ALTER TABLE `sys_dict` DISABLE KEYS */;
INSERT INTO `sys_dict` VALUES (1,'enterprise_type','企业类型',1,1,'2026-02-06 10:44:56','2026-02-13 18:05:36',0),(2,'town','所属乡镇',2,1,'2026-02-06 10:44:56','2026-02-13 18:05:40',0),(3,'industry','所属行业',3,1,'2026-02-06 10:44:56','2026-02-13 18:05:43',0),(4,'business_status','企业经营状态',4,1,'2026-02-06 10:44:56','2026-02-13 18:06:01',0),(6,'package_problem_type','包联问题类型',6,1,'2026-02-06 10:44:56','2026-02-13 18:12:33',0),(7,'package_handle_result','包联办理结果',7,1,'2026-02-06 10:44:56','2026-02-13 18:12:37',0),(8,'policy_type','政策类型',8,1,'2026-02-06 10:44:56','2026-02-13 18:12:40',0),(9,'notice_type','通知类型',9,1,'2026-02-06 10:44:56','2026-02-13 18:12:43',0),(10,'dept_type','部门类型',100,1,'2026-02-08 12:35:21','2026-02-09 11:56:03',0);
/*!40000 ALTER TABLE `sys_dict` ENABLE KEYS */;
UNLOCK TABLES;

--
-- Table structure for table `sys_dict_item`
--

DROP TABLE IF EXISTS `sys_dict_item`;
/*!40101 SET @saved_cs_client     = @@character_set_client */;
/*!50503 SET character_set_client = utf8mb4 */;
CREATE TABLE `sys_dict_item` (
  `id` bigint unsigned NOT NULL AUTO_INCREMENT COMMENT '主键ID',
  `dict_id` bigint unsigned NOT NULL COMMENT '关联字典主表sys_dict.id',
  `item_code` varchar(50) NOT NULL COMMENT '项编码',
  `item_name` varchar(50) NOT NULL COMMENT '项名称',
  `sort` int NOT NULL DEFAULT '0' COMMENT '排序',
  `status` tinyint NOT NULL DEFAULT '1' COMMENT '状态：0-禁用 / 1-启用',
  `create_time` datetime NOT NULL DEFAULT CURRENT_TIMESTAMP COMMENT '创建时间',
  `update_time` datetime DEFAULT NULL ON UPDATE CURRENT_TIMESTAMP COMMENT '更新时间',
  `del_flag` tinyint NOT NULL DEFAULT '0' COMMENT '逻辑删除：0-未删 / 1-已删',
  PRIMARY KEY (`id`),
  UNIQUE KEY `uk_dict_id_item_code` (`dict_id`,`item_code`,`del_flag`) COMMENT '字典ID+项编码+删除标记唯一（同一字典下项编码不重复）',
  UNIQUE KEY `uk_dict_id_item_name` (`dict_id`,`item_name`,`del_flag`) COMMENT '字典ID+项名称+删除标记唯一（同一字典下项名称不重复）',
  KEY `idx_dict_id` (`dict_id`),
  KEY `idx_status_del` (`status`,`del_flag`)
) ENGINE=InnoDB AUTO_INCREMENT=124 DEFAULT CHARSET=utf8mb4 COLLATE=utf8mb4_0900_ai_ci COMMENT='系统字典项表';
/*!40101 SET character_set_client = @saved_cs_client */;

--
-- Dumping data for table `sys_dict_item`
--

LOCK TABLES `sys_dict_item` WRITE;
/*!40000 ALTER TABLE `sys_dict_item` DISABLE KEYS */;
INSERT INTO `sys_dict_item` VALUES (7,3,'GY','工业',1,1,'2026-02-06 10:45:05',NULL,0),(8,3,'YW','商贸业',2,1,'2026-02-06 10:45:05',NULL,0),(9,3,'NY','农业加工',3,1,'2026-02-06 10:45:05',NULL,0),(10,4,'NORMAL','正常经营',1,1,'2026-02-06 10:45:05',NULL,0),(11,4,'STOP','停业',2,1,'2026-02-06 10:45:05',NULL,0),(12,4,'PREPARE','筹备中',3,1,'2026-02-06 10:45:05',NULL,0),(16,6,'FINANCING','企业融资',1,1,'2026-02-06 10:45:05',NULL,0),(17,6,'PERSONNEL','人才用工',2,1,'2026-02-06 10:45:05',NULL,0),(18,6,'POLICY','政策享受',3,1,'2026-02-06 10:45:05',NULL,0),(19,6,'MARKET','市场拓展',4,1,'2026-02-06 10:45:05',NULL,0),(20,7,'PENDING','待办理',1,1,'2026-02-06 10:45:05',NULL,0),(21,7,'PROCESSING','办理中',2,1,'2026-02-06 10:45:05',NULL,0),(22,7,'COMPLETED','已办结',3,1,'2026-02-06 10:45:06',NULL,0),(23,7,'UNABLE','无法办理',4,1,'2026-02-06 10:45:06',NULL,0),(24,8,'FINANCE','金融扶持',1,1,'2026-02-06 10:45:06',NULL,0),(25,8,'TAX','税收优惠',2,1,'2026-02-06 10:45:06',NULL,0),(26,8,'INDUSTRY','产业扶持',3,1,'2026-02-06 10:45:06',NULL,0),(27,9,'NOTICE','普通',1,1,'2026-02-06 10:45:06','2026-02-17 14:06:07',0),(28,9,'WARNING','提醒',2,1,'2026-02-06 10:45:06','2026-02-17 14:06:11',0),(29,9,'ANNOUNCE','公告',3,1,'2026-02-06 10:45:06','2026-02-17 14:06:16',0),(30,2,'CHENGGUAN','城关镇',1,1,'2026-02-08 12:34:13',NULL,0),(31,2,'SJJZ','三甲集镇',2,1,'2026-02-08 12:34:13',NULL,0),(32,2,'QJJZ','祁家集镇',3,1,'2026-02-08 12:34:13',NULL,0),(61,1,'MICRO','微型企业',1,1,'2026-02-08 16:21:14','2026-02-10 13:20:39',0),(62,1,'SMALL','小型企业',2,1,'2026-02-08 16:21:14',NULL,0),(63,1,'MEDIUM','中型企业',3,1,'2026-02-08 16:21:14',NULL,0),(68,10,'GHX_TJJ','广河县统计局',2,1,'2026-02-08 17:05:16','2026-02-08 17:53:29',0),(76,10,'GHX_FGJ','广河县发改局',3,1,'2026-02-09 11:50:47',NULL,0),(77,10,'GHX_GXJ','广河县工信局',0,1,'2026-02-09 11:57:19',NULL,0),(78,1,'GTGSH','个体工商户',4,1,'2026-02-10 13:10:45','2026-02-11 12:47:15',0),(79,10,'GHX_JTJ','广河县交通局',4,1,'2026-02-10 22:25:51',NULL,0),(80,10,'GHX_SWJ','广河县商务局',5,1,'2026-02-12 21:35:06',NULL,0),(81,6,'LISTING','挂牌上市',5,1,'2026-02-13 21:06:39',NULL,0),(82,6,'COLLABORATION','协作配套',6,1,'2026-02-13 21:06:39',NULL,0),(83,6,'PRODUCTION_COST','生产成本',7,1,'2026-02-13 21:06:39',NULL,0),(84,6,'BUSINESS_ENVIRONMENT','营商环境',8,1,'2026-02-13 21:06:39',NULL,0),(85,6,'INVESTMENT','招商引资',9,1,'2026-02-13 21:06:39',NULL,0),(86,6,'TECHNOLOGY','科技创新',10,1,'2026-02-13 21:06:39',NULL,0),(87,6,'ELEMENT_GUARANTEE','要素保障',11,1,'2026-02-13 21:06:39',NULL,0),(88,6,'LOGISTICS','物流运输',12,1,'2026-02-13 21:06:39',NULL,0),(89,6,'POWER_SUPPLY','电力保供',13,1,'2026-02-13 21:06:39',NULL,0),(90,6,'ENTERPRISE_DEVELOPMENT','企业发展',14,1,'2026-02-13 21:06:39',NULL,0),(91,6,'PROJECT_CONSTRUCTION','项目建设',15,1,'2026-02-13 21:06:39',NULL,0),(92,6,'NEW_ENERGY_INDEX','新能源指标',16,1,'2026-02-13 21:06:39',NULL,0),(93,6,'ENERGY_ENV_ASSESS','能评环评',17,1,'2026-02-13 21:06:39',NULL,0),(94,6,'ENERGY_CONSUMPTION','能耗指标',18,1,'2026-02-13 21:06:39',NULL,0),(95,6,'OTHER','其他',19,1,'2026-02-13 21:06:39',NULL,0),(96,10,'GH_JIKFQ','广河经济开发区',6,1,'2026-02-15 16:13:15',NULL,0),(97,10,'SYSTEM','系统管理部门',7,1,'2026-02-20 12:06:16','2026-02-24 23:02:24',0),(98,10,'GHX_GAJ','广河县公安局',8,1,'2026-02-23 15:16:21',NULL,0),(99,10,'GHX_RSJ','广河县人社局',9,1,'2026-02-23 15:16:56',NULL,0),(100,10,'GHX_ZSJ','广河县招商局',10,1,'2026-02-23 15:17:50','2026-02-23 15:17:56',0),(101,10,'GHX_KJJ','广河县科技局',0,1,'2026-02-23 15:18:09',NULL,0),(102,2,'MJXZ','买家巷镇',4,1,'2026-02-23 15:18:34',NULL,0),(103,2,'QJZ','齐家镇',5,1,'2026-02-23 15:18:46',NULL,0),(104,2,'ZKJZ','庄窠集镇',6,1,'2026-02-23 15:18:58',NULL,0),(105,2,'SQX','水泉乡',7,1,'2026-02-23 15:19:06','2026-02-23 15:19:20',0),(106,2,'GFX','官坊乡',0,1,'2026-02-23 15:19:15',NULL,0),(107,2,'ALMTX','阿力麻土乡',0,1,'2026-02-23 15:19:31',NULL,0),(108,3,'LY','林业',4,1,'2026-02-23 15:20:29',NULL,0),(109,3,'YY','渔业',5,1,'2026-02-23 15:20:42',NULL,0),(110,3,'SYHGY','石油化工业',6,1,'2026-02-23 15:21:26',NULL,0),(111,3,'SLSDY','水利水电',7,1,'2026-02-23 15:21:49','2026-02-23 15:22:43',0),(112,3,'XXCY','信息产业',8,1,'2026-02-23 15:22:09',NULL,0),(113,3,'JXJD','机械机电',9,1,'2026-02-23 15:22:38',NULL,0),(114,3,'QGSP','轻工食品',10,1,'2026-02-23 15:23:11',NULL,0),(117,8,'XZFG','行政法规',4,1,'2026-02-23 15:26:18',NULL,0),(118,8,'BMGZ','部门规章',5,1,'2026-02-23 15:26:29',NULL,0),(119,8,'DFZFGZ','地方政府规章',6,1,'2026-02-23 15:26:44',NULL,0),(120,8,'ZDXWJ','指导性文件',7,1,'2026-02-23 15:26:57',NULL,0),(121,8,'HYGF','行业规范 ',8,1,'2026-02-23 15:27:09',NULL,0),(122,8,'ZDJC','重大决策',9,1,'2026-02-23 15:27:19',NULL,0),(123,8,'DFXFG','地方性法规',10,1,'2026-02-23 15:27:38',NULL,0);
/*!40000 ALTER TABLE `sys_dict_item` ENABLE KEYS */;
UNLOCK TABLES;

--
-- Table structure for table `sys_icon`
--

DROP TABLE IF EXISTS `sys_icon`;
/*!40101 SET @saved_cs_client     = @@character_set_client */;
/*!50503 SET character_set_client = utf8mb4 */;
CREATE TABLE `sys_icon` (
  `id` bigint unsigned NOT NULL AUTO_INCREMENT COMMENT '主键ID',
  `icon_name` varchar(50) NOT NULL COMMENT '图标名称',
  `icon_code` varchar(50) NOT NULL COMMENT '图标编码（唯一标识，用于关联）',
  `icon_url` varchar(1024) DEFAULT NULL COMMENT '图标链接（存储图标文件地址）',
  `create_time` datetime NOT NULL DEFAULT CURRENT_TIMESTAMP COMMENT '创建时间',
  `update_time` datetime DEFAULT NULL ON UPDATE CURRENT_TIMESTAMP COMMENT '更新时间',
  `del_flag` tinyint NOT NULL DEFAULT '0' COMMENT '逻辑删除：0-未删 / 1-已删',
  PRIMARY KEY (`id`),
  UNIQUE KEY `uk_icon_code` (`icon_code`) COMMENT '图标编码唯一',
  KEY `idx_del_flag` (`del_flag`),
  KEY `idx_icon_code` (`icon_code`)
) ENGINE=InnoDB AUTO_INCREMENT=26 DEFAULT CHARSET=utf8mb4 COLLATE=utf8mb4_0900_ai_ci COMMENT='系统图标库表';
/*!40101 SET character_set_client = @saved_cs_client */;

--
-- Dumping data for table `sys_icon`
--

LOCK TABLES `sys_icon` WRITE;
/*!40000 ALTER TABLE `sys_icon` DISABLE KEYS */;
INSERT INTO `sys_icon` VALUES (1,'首页','home','http://192.168.43.20:19966/my-project/cceabba60c824dbcaabf8c8d4323e6cf.svg','2026-02-19 19:31:19','2026-02-20 10:02:31',0),(2,'企业管理','enterprise','http://192.168.43.20:19966/my-project/d69505843a364fb9b954fddd0e13cf55.svg','2026-02-19 19:31:19','2026-02-20 11:34:03',0),(4,'系统管理','system','http://192.168.43.20:19966/my-project/cba769819827456ba319ec21c15f73a4.svg','2026-02-19 19:33:52','2026-02-20 11:04:45',0),(5,'用户管理','user','http://192.168.43.20:19966/my-project/1c3eb09aecca49e9b96aed9ae1235d13.svg','2026-02-19 19:33:52','2026-02-20 11:05:44',0),(6,'角色管理','role','http://192.168.43.20:19966/my-project/a0690403bdc34886acd2bd945185d9e5.svg','2026-02-19 19:33:52','2026-02-20 11:09:45',0),(7,'用户圈','user-circle','http://192.168.43.20:19966/my-project/03f2844a7f1e42999e4a34f5dea89f38.svg','2026-02-19 19:33:52','2026-02-20 11:24:43',0),(8,'问题','problem','http://192.168.43.20:19966/my-project/8d2eb07a360a41da9b010320ccc6f673.svg','2026-02-19 19:33:52','2026-02-20 11:26:38',0),(9,'政策','policy','http://192.168.43.20:19966/my-project/d87592b68b55449caf2b8c6f18faad0a.svg','2026-02-19 19:33:52','2026-02-20 11:32:10',0),(10,'通知管理','notice','http://192.168.43.20:19966/my-project/fa1314a7566f4870a7714b0eee632b86.svg','2026-02-19 19:33:52','2026-02-20 11:31:14',0),(11,'发布政策','publish-policy','http://192.168.43.20:19966/my-project/75665b05543843a697343ff16b196a57.svg','2026-02-19 19:33:52','2026-02-20 11:22:28',0),(12,'我的','my','http://192.168.43.20:19966/my-project/c5fb3f214ed94ce28286affe10c4faf2.svg','2026-02-19 19:33:52','2026-02-20 11:21:14',0),(13,'字典','dict','http://192.168.43.20:19966/my-project/85839059b686454f9b4c9e505623e428.svg','2026-02-19 19:33:52','2026-02-20 11:20:09',0),(14,'菜单','menu','http://192.168.43.20:19966/my-project/a0c01b1b2e444887a12960fc2c6df824.svg','2026-02-19 19:33:52','2026-02-20 11:20:40',0),(18,'政策2','policy2','http://192.168.43.20:19966/my-project/76510b775ee64ae9befc9f47f71e2309.png','2026-02-20 11:48:46','2026-02-20 11:48:46',0),(20,'发布通知','publish-notice','http://192.168.43.20:19966/my-project/88ba7b50fd584cccb9d9dd1e28fa117a.svg','2026-02-20 14:13:37','2026-02-20 14:13:37',0),(21,'列表管理','list','http://192.168.43.20:19966/my-project/883325feac4a4757bef84bc4ed549e5c.svg','2026-02-20 14:15:35','2026-02-20 14:15:35',0),(22,'服务管理','service','http://192.168.43.20:19966/my-project/8ce136cc340849248b0db278875606bf.svg','2026-02-20 14:16:53','2026-02-20 14:16:53',0),(23,'通知列表','notice-list','http://192.168.43.20:19966/my-project/6c98a1590afd451da7135f02bcea02e3.svg','2026-02-20 14:19:41','2026-02-20 14:19:41',0),(24,'图标管理','icon','http://192.168.43.20:19966/my-project/6b24ff7dd1df4edcbe1ecf17e06e853d.svg','2026-02-21 16:21:02','2026-02-21 16:21:02',0),(25,'问题办理','problem2','http://192.168.43.20:19966/my-project/b04b8d03ec064b19ace573cae5a7de8c.svg','2026-02-22 09:47:07','2026-02-22 09:47:07',0);
/*!40000 ALTER TABLE `sys_icon` ENABLE KEYS */;
UNLOCK TABLES;

--
-- Table structure for table `sys_permission`
--

DROP TABLE IF EXISTS `sys_permission`;
/*!40101 SET @saved_cs_client     = @@character_set_client */;
/*!50503 SET character_set_client = utf8mb4 */;
CREATE TABLE `sys_permission` (
  `id` bigint unsigned NOT NULL AUTO_INCREMENT COMMENT '权限ID（自增）',
  `name` varchar(50) NOT NULL COMMENT '权限名称',
  `code` varchar(50) NOT NULL COMMENT '权限编码',
  `type` tinyint NOT NULL DEFAULT '1' COMMENT '权限类型：1-菜单 / 2-按钮、详情',
  `path` varchar(255) DEFAULT NULL COMMENT '路由地址',
  `icon_id` bigint unsigned DEFAULT NULL COMMENT '关联图标ID（关联sys_icon表）',
  `parent_id` bigint unsigned DEFAULT NULL COMMENT '父菜单ID（关联自身id）',
  `sort` int NOT NULL DEFAULT '0' COMMENT '排序',
  `create_time` datetime NOT NULL DEFAULT CURRENT_TIMESTAMP COMMENT '创建时间',
  `update_time` datetime DEFAULT NULL ON UPDATE CURRENT_TIMESTAMP COMMENT '更新时间',
  `del_flag` tinyint NOT NULL DEFAULT '0' COMMENT '逻辑删除：0-未删 / 1-已删',
  `isRoute` tinyint NOT NULL DEFAULT '1' COMMENT '是否为路由节点：1-是（可跳转）/0-否（详情/弹窗类，不跳转）',
  `component_path` varchar(255) DEFAULT NULL COMMENT '前端组件路径（如@/views/system/user.vue）',
  `redirect_path` varchar(255) DEFAULT NULL COMMENT '路由重定向路径',
  `active_menu` varchar(255) DEFAULT NULL COMMENT '高亮菜单路径',
  `route_name` varchar(64) DEFAULT NULL COMMENT '路由名称（唯一标识）',
  `is_hidden` tinyint DEFAULT '0' COMMENT '是否隐藏路由（0显示/1隐藏）',
  PRIMARY KEY (`id`),
  UNIQUE KEY `uk_permission_path_del_flag` (`path`,`del_flag`),
  KEY `idx_permission_status_del` (`del_flag`),
  KEY `idx_icon_id` (`icon_id`),
  KEY `idx_permission_isRoute` (`isRoute`),
  CONSTRAINT `fk_permission_icon` FOREIGN KEY (`icon_id`) REFERENCES `sys_icon` (`id`) ON DELETE SET NULL ON UPDATE CASCADE
) ENGINE=InnoDB AUTO_INCREMENT=25 DEFAULT CHARSET=utf8mb4 COLLATE=utf8mb4_0900_ai_ci COMMENT='菜单权限表';
/*!40101 SET character_set_client = @saved_cs_client */;

--
-- Dumping data for table `sys_permission`
--

LOCK TABLES `sys_permission` WRITE;
/*!40000 ALTER TABLE `sys_permission` DISABLE KEYS */;
INSERT INTO `sys_permission` VALUES (1,'用户管理','ADMIN',1,'/system/user',5,18,1,'2026-02-06 23:21:15','2026-02-22 11:49:12',0,1,'system/user',NULL,NULL,'SystemUser',0),(2,'企业列表','ADMIN:ENTERPRISE:LIST',1,'/enterprise/index',2,19,6,'2026-02-06 23:21:15','2026-02-22 12:23:16',0,1,'enterprise/index',NULL,NULL,'EnterpriseIndex',0),(3,'包抓联列表','ADMIN:DEPT',1,'/smePle/index',21,20,8,'2026-02-06 23:21:15','2026-02-22 14:22:14',0,1,'smePle/index','','','SmePleIndex',0),(4,'部门人员列表','ADMIN:DEPT',1,'/smePle/dept-user',7,20,7,'2026-02-06 23:21:15','2026-02-22 14:24:13',0,1,'smePle/dept-user','','','SmePleDeptUser',0),(5,'问题办理','ADMIN:DEPT:USER',1,'/smePle/handle',25,20,9,'2026-02-06 23:21:15','2026-02-22 12:23:16',0,1,'smePle/handle',NULL,NULL,'SmePleHandle',0),(6,'政策列表','ADMIN:DEPT:USER',1,'/policy/index',9,21,11,'2026-02-06 23:21:15','2026-02-22 14:24:24',0,1,'policy/index','','','PolicyIndex',0),(7,'通知列表','ADMIN:DEPT',1,'/notice/index',23,22,12,'2026-02-06 23:21:15','2026-02-22 12:23:16',0,1,'notice/index',NULL,NULL,'NoticeIndex',0),(8,'发布通知','ADMIN:DEPT:USER',1,'/notice/form',20,22,14,'2026-02-07 16:18:30','2026-02-25 15:34:34',0,1,'notice/form','','','NoticeForm',0),(9,'我的通知','ADMIN:DEPT:USER',1,'/notice/my',12,22,13,'2026-02-08 00:07:02','2026-02-25 15:34:46',0,1,'notice/my','','','NoticeMy',0),(10,'角色管理','ADMIN',1,'/system/role',6,18,2,'2026-02-19 12:46:38','2026-02-22 12:23:16',0,1,'system/role',NULL,NULL,'SystemRole',0),(11,'字典管理','ADMIN',1,'/system/dict',13,18,4,'2026-02-19 12:46:38','2026-02-22 12:23:16',0,1,'system/dict',NULL,NULL,'SystemDict',0),(12,'问题办理进度详情','ADMIN:DEPT:USER',2,'/smePle/handle/PackageProcessDetail',8,20,10,'2026-02-19 12:51:00','2026-02-22 12:23:16',0,1,'smePle/handle/PackageProcessDetail',NULL,'/smePle/handle','PackageProcessDetail',1),(13,'字典项','ADMIN',2,'/system/dict-data',13,18,5,'2026-02-19 12:54:59','2026-02-22 12:23:16',0,1,'system/dict-data',NULL,'/system/dict','DictData',1),(14,'通知详情','ADMIN:DEPT:USER',2,'/notice/detail',10,22,15,'2026-02-19 12:54:59','2026-02-22 12:23:16',0,1,'notice/detail',NULL,'/notice/index','NoticeDetail',1),(17,'菜单管理','ADMIN',1,'/system/permission',14,18,3,'2026-02-19 16:57:44','2026-02-22 12:23:16',0,1,'system/permission',NULL,NULL,'SystemPermission',0),(18,'系统管理','ADMIN:SYSTEM',1,'/system',4,NULL,1,'2026-02-21 13:24:53','2026-02-22 10:32:51',0,1,'Layout',NULL,NULL,'System',0),(19,'企业管理','ADMIN:ENTERPRISE',1,'/enterprise',2,NULL,2,'2026-02-21 13:24:53','2026-02-22 10:32:52',0,1,'Layout',NULL,NULL,'Enterprise',0),(20,'包抓联管理','ADMIN:SMEPLE',1,'/smePle',22,NULL,3,'2026-02-21 13:31:11','2026-02-22 10:32:52',0,1,'Layout',NULL,NULL,'SmePle',0),(21,'政策管理','ADMIN:POLICY',1,'/policy',9,NULL,4,'2026-02-21 13:31:11','2026-02-22 10:32:52',0,1,'Layout',NULL,NULL,'Policy',0),(22,'通知管理','ADMIN:NOTICE',1,'/notice',10,NULL,5,'2026-02-21 13:31:11','2026-02-22 10:32:52',0,1,'Layout',NULL,NULL,'Notice',0),(23,'图标管理','ADMIN:ICON',1,'/system/icon',24,18,16,'2026-02-21 16:13:44','2026-02-22 12:23:16',0,1,'system/icon',NULL,NULL,'SystemIcon',0),(24,'测试','CS',1,'/system/cs',7,18,17,'2026-02-22 13:20:24','2026-02-22 13:27:51',1,1,'system/cs','','','CS',0);
/*!40000 ALTER TABLE `sys_permission` ENABLE KEYS */;
UNLOCK TABLES;

--
-- Table structure for table `sys_role`
--

DROP TABLE IF EXISTS `sys_role`;
/*!40101 SET @saved_cs_client     = @@character_set_client */;
/*!50503 SET character_set_client = utf8mb4 */;
CREATE TABLE `sys_role` (
  `id` bigint unsigned NOT NULL AUTO_INCREMENT COMMENT '角色ID（自增）',
  `role_name` varchar(50) NOT NULL COMMENT '角色名称',
  `role_code` varchar(50) NOT NULL COMMENT '角色编码（唯一）',
  `description` varchar(200) DEFAULT NULL COMMENT '角色描述',
  `create_time` datetime NOT NULL DEFAULT CURRENT_TIMESTAMP COMMENT '创建时间',
  `update_time` datetime DEFAULT NULL ON UPDATE CURRENT_TIMESTAMP COMMENT '更新时间',
  `del_flag` tinyint NOT NULL DEFAULT '0' COMMENT '逻辑删除：0-未删 / 1-已删',
  PRIMARY KEY (`id`),
  UNIQUE KEY `uk_role_code` (`role_code`),
  KEY `idx_role_status_del` (`del_flag`)
) ENGINE=InnoDB AUTO_INCREMENT=10 DEFAULT CHARSET=utf8mb4 COLLATE=utf8mb4_0900_ai_ci COMMENT='系统角色表';
/*!40101 SET character_set_client = @saved_cs_client */;

--
-- Dumping data for table `sys_role`
--

LOCK TABLES `sys_role` WRITE;
/*!40000 ALTER TABLE `sys_role` DISABLE KEYS */;
INSERT INTO `sys_role` VALUES (1,'管理员','ADMIN','系统最高权限','2026-02-06 23:21:15','2026-02-19 12:26:21',0),(3,'普通用户','USER','仅查看自身相关数据','2026-02-06 23:21:15','2026-02-25 14:46:53',0),(6,'部门管理员','DEPT','部分业务增删查改权限','2026-02-19 12:28:51','2026-02-20 16:47:27',0);
/*!40000 ALTER TABLE `sys_role` ENABLE KEYS */;
UNLOCK TABLES;

--
-- Table structure for table `sys_user`
--

DROP TABLE IF EXISTS `sys_user`;
/*!40101 SET @saved_cs_client     = @@character_set_client */;
/*!50503 SET character_set_client = utf8mb4 */;
CREATE TABLE `sys_user` (
  `id` bigint unsigned NOT NULL AUTO_INCREMENT COMMENT '主键ID（自增）',
  `username` varchar(50) NOT NULL COMMENT '用户账号（登录用）',
  `password` varchar(100) NOT NULL COMMENT '密码（BCrypt加密存储）',
  `real_name` varchar(50) NOT NULL COMMENT '真实姓名',
  `phone` varchar(20) DEFAULT '' COMMENT '手机号（可做唯一校验）',
  `dept_code` varchar(50) NOT NULL COMMENT '所属部门编码，关联sys_dict_item.item_code（部门类型字典）',
  `status` tinyint NOT NULL DEFAULT '1' COMMENT '状态：0-禁用 / 1-启用',
  `create_time` datetime NOT NULL DEFAULT CURRENT_TIMESTAMP COMMENT '创建时间',
  `update_time` datetime DEFAULT NULL ON UPDATE CURRENT_TIMESTAMP COMMENT '更新时间',
  `del_flag` tinyint NOT NULL DEFAULT '0' COMMENT '逻辑删除：0-未删 / 1-已删',
  `role_id` bigint unsigned NOT NULL DEFAULT '0' COMMENT '关联角色ID（匹配sys_role.id）',
  `avatar` varchar(1024) DEFAULT NULL COMMENT '头像',
  PRIMARY KEY (`id`),
  UNIQUE KEY `uk_username` (`username`),
  KEY `idx_status_del` (`status`,`del_flag`),
  KEY `idx_dept_code` (`dept_code`),
  KEY `idx_sys_user_role_id` (`role_id`)
) ENGINE=InnoDB AUTO_INCREMENT=15 DEFAULT CHARSET=utf8mb4 COLLATE=utf8mb4_0900_ai_ci COMMENT='系统用户表';
/*!40101 SET character_set_client = @saved_cs_client */;

--
-- Dumping data for table `sys_user`
--

LOCK TABLES `sys_user` WRITE;
/*!40000 ALTER TABLE `sys_user` DISABLE KEYS */;
INSERT INTO `sys_user` VALUES (1,'admin','$2a$10$mnrqByDZfOSPKR6/1D7ZnerUb/YcEEWphBOAYcNTfEzjJKyGmtP6K','管理员','1523621451','SYSTEM',1,'2026-02-06 10:44:50','2026-02-25 16:11:58',0,1,'http://192.168.43.20:19966/my-project/38b3442ae68745d48647e1ffe9ec9979.jpeg'),(2,'GHX_TJJ','$2a$10$jE4BEftyOAMSoAFFBlSVRukkFT5Qd1G5/.X71.7ccT/EX56KONXz6','刘明','16585748547','GHX_TJJ',1,'2026-02-06 10:44:50','2026-02-25 00:47:46',0,3,NULL),(3,'GHX_FGJ','$2a$10$.paaovQ/Td8zifIkXn7iCuMK6wVHJFkXNi7EnLc4WPscKM1M6/Uty','王红','15246321544','GHX_FGJ',1,'2026-02-06 10:44:50','2026-02-25 15:21:26',0,3,'http://192.168.43.20:19966/my-project/20c0dc790e7e42779270371cf804fcf4.jpeg'),(4,'GHX_SWJ','$2a$10$TL3vDRTzWWUHOcshnwLrWObUn4lC4Rppp5bWQ7LkBRoab5qViroSu','张三','184562321452','GHX_SWJ',1,'2026-02-06 10:44:50','2026-02-25 15:21:35',0,3,NULL),(5,'GHX_JTJ','$2a$10$D6bFXx.TtOBUZJGlVxDmY.Bx6ojdpw9cJK1VBV8wRvF0VvJ6u2TyO','李四','15489623651','GHX_JTJ',1,'2026-02-07 21:49:06','2026-02-25 15:21:43',0,3,NULL),(8,'GHX_KJJ','$2a$10$xgqSKKKMXpwN9fqiboB3Ae8NeWe7/oWdCsjhebCfeYCZADprzEyQW','赵八','18569542132','GHX_KJJ',1,'2026-01-01 09:00:00','2026-02-25 15:21:50',0,3,NULL),(9,'GHX_JJKFQ','$2a$10$HkeCY1N84AJIArWnxl0Nz.xD5cqK8LcVu91WsuOf9IRoMDbsax.0i','王五','15698232145','GH_JIKFQ',1,'2026-02-15 16:13:59','2026-02-25 15:21:59',0,3,NULL),(10,'GHX_GXJ','$2a$10$g9IkLqXEtEeLygmjRWgtnOL9EoSzSr693Azr9BMVhLAV1lPYVuiV6','马某某','19564584521','GHX_GXJ',1,'2026-02-20 12:07:47','2026-02-25 15:22:09',0,6,'http://192.168.43.20:19966/my-project/c2fdce30bf324629bbd4e82467b46856.png'),(12,'GHX_GAJ','$2a$10$t7lBFq6VpzEY3lqG2SppyebGvA/o05Lwe3kWzzjZQ568lfrsmd05C','小明','15236214521','GHX_GAJ',1,'2026-02-23 16:38:41','2026-02-25 14:46:09',0,3,NULL),(14,'GHX_RSJ','$2a$10$gWpMZ/d3yLR3ds2zYE.VIeaHsEPzVdhVEloEwOyy5UcItSVFRQO4K','小兰','15232512364','GHX_RSJ',1,'2026-02-25 14:45:56','2026-02-25 14:46:18',1,3,NULL);
/*!40000 ALTER TABLE `sys_user` ENABLE KEYS */;
UNLOCK TABLES;
/*!40103 SET TIME_ZONE=@OLD_TIME_ZONE */;

/*!40101 SET SQL_MODE=@OLD_SQL_MODE */;
/*!40014 SET FOREIGN_KEY_CHECKS=@OLD_FOREIGN_KEY_CHECKS */;
/*!40014 SET UNIQUE_CHECKS=@OLD_UNIQUE_CHECKS */;
/*!40101 SET CHARACTER_SET_CLIENT=@OLD_CHARACTER_SET_CLIENT */;
/*!40101 SET CHARACTER_SET_RESULTS=@OLD_CHARACTER_SET_RESULTS */;
/*!40101 SET COLLATION_CONNECTION=@OLD_COLLATION_CONNECTION */;
/*!40111 SET SQL_NOTES=@OLD_SQL_NOTES */;

-- Dump completed on 2026-02-28 16:01:12
